56640;1;56640
56700;1;56700
CROIX;3;59170
CANÉJAN;1;33610
ROMANS-SUR-ISERE;12;26100
PARIS;379;75016
SAINT-MALO;19;35400
SAUJON;3;17600
SAINT-SAULVE;2;59880
CAGNES-SUR-MER;7;06800
ESCALQUENS;1;31750
CLICHY;10;92110
GOURDAN-POLIGNAN;1;31210
BESANCON;30;25000
SAINT-JULIEN-EN-GENEVOIS;9;74160
LES TOUCHES;1;44390
LE HAVRE;15;76600
LE MANS;22;72100
MANTES-LA-JOLIE;7;78200
TOURS;20;37100
AVIGNON;32;84000
SAINT-POL-SUR-MER;4;59430
CAEN;33;14000
GRENOBLE;29;38000
NANCY;26;54000
MARSEILLE;93;13013
AUTERIVE;5;31190
GAP;9;05000
THONON-LES-BAINS;15;74200
PANTIN;8;93500
LAVAL;7;53000
LE PONTET;5;84130
CERGY;20;95800
LA CHAPELLE-D'ARMENTIERES;1;59930
STAFFELFELDEN;2;68850
LOOS;8;59120
CHALLANS;9;85300
VILLENEUVE-LE-ROI;5;94290
BRIGNOLES;8;83170
CREUTZWALD;4;57150
ANGERS;25;49100
DAMBACH-LA-VILLE;2;67650
BAGNEUX;6;92220
ROUSSON;1;30340
MARIGNANE;7;13700
COLLEGIEN;4;77090
ORRY-LA-VILLE;4;60560
LAPALUD;1;84840
VAUVERT;3;30600
GANAC;1;09000
BEZIERS;26;34500
CHARTRES;13;28000
MONTPELLIER;47;34000
BELFORT;14;90000
VITRY-SUR-SEINE;10;94400
LIMAY;3;78520
RÉMELFING;1;57200
TARBES;17;65000
BORDEAUX;77;33000
STRASBOURG;46;67000
HAGUENAU;13;67500
SAINT-PAUL-LES-DAX;4;40990
ROHRWILLER;1;67410
WIZERNES;1;62570
BLOIS;7;41000
VILLEURBANNE;19;69100
CACHAN;3;94230
ROSNY-SOUS-BOIS;8;93110
SAINT-CHAMOND;8;42400
BRIGNAIS;3;69530
BETTWILLER;1;67320
PIERRES;2;14410
ROCHEFORT;5;17300
CAPDENAC;2;46100
SAINT-MAUR;1;36250
TALENCE;6;33400
MULHOUSE;28;68200
DOURDAN;2;91410
BIOT;3;06410
BAGNOLET;9;93170
MANDELIEU-LA-NAPOULE;4;06210
LES PENNES-MIRABEAU;3;13170
GUYANCOURT;3;78280
MONT-DE-MARSAN;11;40000
MERIGNAC;25;33700
GAILLAC;2;81600
SAINT-ETIENNE;20;42100
MEYRARGUES;1;13650
SAINT-JEAN-BREVELAY;2;56660
CANNES;11;06400
NIMES;22;30000
VILLEMOIRIEU;1;38460
BALARUC-LES-BAINS;6;34540
CLICHY-SOUS-BOIS;3;93390
PAU;28;64000
SAINT-DENIS;10;11310
NIORT;27;79000
PERPIGNAN;18;66000
CUGNAUX;6;31270
VALENCE;14;26000
NANTES;85;44300
ATHIS-MONS;2;91200
PONT-SAINT-ESPRIT;2;30130
IZON;3;33450
AMIENS;28;80090
LOUVIERS;2;27400
FLOIRAC;7;33270
LOON-PLAGE;1;59279
CERONS;3;33720
AIX-LES-BAINS;15;73100
BAGNÈRES-DE-BIGORRE;1;65200
GRANDE-SYNTHE;1;59760
DIVONNE-LES-BAINS;16;01220
AULNAY-SOUS-BOIS;7;93600
NORD;2;59760
LIMOGES;17;87000
DANJOUTIN;2;90400
BOURGOIN-JALLIEU;7;38300
BRUMATH;5;67170
AMNEVILLE;2;57360
NEVERS;9;58000
DINARD;9;35800
LES HERBIERS;4;85500
SAINT-CYR-SUR-MER;4;83270
PESSAC;13;33600
BOURG-EN-BRESSE;6;01000
FLEURY-LES-AUBRAIS;3;45400
SAINT-MARCEL-LÈS-VALENCE;1;26320
AIX-EN-PROVENCE;20;13540
JOUY-LE-MOUTIER;2;95280
FIRMINY;8;42700
CHAUME-ET-COURCHAMP;1;21610
SAINT-CYPRIEN;5;66750
LAILLE;3;35890
QUIMPER;14;29000
CHARS;1;95750
YUTZ;5;57100
VITRY-SUR-ORNE;1;57185
LYON;45;69009
PIERRE-BENITE;2;69310
BUSSY-SAINT-GEORGES;7;77600
TROYES;22;10000
BOURGES;15;18000
MIRAMAS;5;13140
AIGUEBELLE;1;73220
COLMAR;15;68000
LORMONT;8;33310
BOUZONVILLE;1;57320
AGDE;15;34300
DIJON;33;21000
HABSHEIM;2;68440
LA CHAPELLE-THOUARAULT;1;35590
ROQUESERIERE;1;31380
LA ROCHELLE;31;17000
LE TOUVET;2;38660
FONTENAY-SOUS-BOIS;6;94120
COMPIEGNE;3;60200
CHEVREUSE;3;78460
METZ;32;57070
SAINT-GERMAIN-EN-LAYE;4;78100
BOUCAU;7;64340
MANTHELON;1;27240
ANDERNOS-LES-BAINS;9;33510
ORVAL;1;18200
ANGOULEME;13;16000
COUTHENANS;1;70400
MAMERS;2;72600
DENAIN;3;59220
SAINT-LOUIS;11;68300
PALAVAS-LES-FLOTS;4;34250
CHALON-SUR-SAÔNE;6;71100
MONTROUGE;12;92120
LA MONTAGNE;1;44620
CONFLANS-SAINTE-HONORINE;3;78700
SAINT-REMY-LES-CHEVREUSE;2;78470
MAULE;2;78580
LONGWY;5;54400
SCHWEIGHOUSE-SUR-MODER;1;67590
LE POIRE-SUR-VIE;1;85170
HAGONDANGE;2;57300
UCKANGE;1;57270
VANVES;4;92170
AURILLAC;1;15000
CARRY-LE-ROUET;6;13920
BREST;27;29200
VILLEFRANCHE-DE-ROUERGUE;1;12200
AURAY;6;56400
FAULQUEMONT;4;57380
EVRON;1;53600
SAINTE-GENEVIEVE-DES-BOIS;2;91700
ORANGE;6;84100
VALLAURIS;3;06220
BOLLENE;2;84500
BOBIGNY;4;93000
BRIANCON;2;05100
MAGENTA;2;51530
TOULOUSE;50;31400
DEUIL-LA-BARRE;4;95170
ECARDENVILLE-SUR-EURE;1;27490
FORT-MARDYCK;1;59760
CORBEIL-ESSONNES;7;91100
BERGERAC;8;24100
BAVILLIERS;1;90800
MARSEILLAN;4;34340
GUER;2;56380
BELLAC;1;87300
SAINT-MARTIN-DE-CRAU;6;13310
CHATOU;3;78400
BOIS-COLOMBES;8;92270
SAINT-GILLES;6;30800
MARTIGUES;7;13500
MORLANCOURT;1;80300
LISIEUX;1;14100
CAMBRAI;5;59400
PAULHAN;2;34230
VILLEFRANCHE-SUR-SAONE;4;69400
SAINT-LAURENT-DU-VAR;6;06700
AVRILLE;4;49240
VERN-SUR-SEICHE;3;35770
VILLEFRANCHE-SUR-SAÔNE;2;69400
ARZON;1;56640
THIONVILLE;18;57100
CASTRES;16;81100
GRAND-COURONNE;3;76530
PONTARLIER;13;25300
DAUSSE;1;47140
GRADIGNAN;12;33170
BRINON-SUR-SAULDRE;1;18410
LOZÈRE;1;48160
SAINT-HERBLAIN;11;44800
LANTON;1;33138
WATTRELOS;11;59150
VILLENEUVE-LA-GUYARD;1;89340
BRUNSTATT;1;68350
ORVAULT;12;44700
PASSY-EN-VALOIS;1;02470
MÉRIGNAC;6;33700
ROUEN;26;76000
VIENNE;5;38200
SAINT-REMY-DU-NORD;1;59330
LA SEYNE-SUR-MER;16;83500
RENNES;33;35000
CRAVENT;1;78270
MONS-EN-BAROEUL;4;59370
SAINT-JEAN-DE-BRAYE;4;45800
HANGENBIETEN;1;67980
NICE;31;06000
MONTAUBAN;13;82000
BAYONNE;17;64100
JAUNAY-CLAN;2;86130
HOMECOURT;1;54310
ALES;3;30340
AMPLEPUIS;1;69550
IFS;2;14123
RENESCURE;1;59173
BLAGNAC;5;31700
CARVIN;2;62220
DIEPPE;6;76200
RIEDISHEIM;11;68400
WATTIGNIES;3;59139
GOURNAY-EN-BRAY;1;76220
METZ-TESSY;1;74370
ROUBAIX;16;59100
MANTES-LA-VILLE;3;78711
BOUCHES-DU-RHÔNE;8;13300
CRÉTEIL;4;94000
FERRIERES-EN-BRIE;2;77164
ROUILLON;1;72700
GOND-PONTOUVRE;2;16160
SURESNES;11;92150
VALENTON;1;94460
SASSENAGE;2;38360
SAINT-MEDARD-EN-JALLES;5;33160
ORTHEZ;4;64300
CARCASSONNE;14;11000
WITTENHEIM;4;68270
PLAISANCE-DU-TOUCH;4;31830
CUGUEN;1;35270
VARSBERG;1;57880
MOZAC;1;63200
LONGVIC;4;21600
MAGNY-LES-HAMEAUX;1;78114
WAHAGNIES;1;59261
BONSECOURS;3;76240
ANGLET;18;64600
LES SABLES-D'OLONNE;10;85100
LUC-SUR-ORBIEU;1;11200
SAINTE-FOY-LES-LYON;4;69110
BOUJAN-SUR-LIBRON;3;34760
LIPSHEIM;1;67640
PLOUGASTEL-DAOULAS;3;29470
LA GRANDVILLE;1;08700
NUAILLE-D'AUNIS;1;17540
GENEVE;2;01206
LE CANNET;4;06110
BLAIN;6;44130
ISLE;2;87170
FISMES;1;51170
VALLENAY;1;18190
ROCHE;1;38090
PLERIN;5;22190
VESOUL;1;70000
CHARLY;1;69390
LA ROCHETTE;4;73110
MORLAAS;1;64160
POMMERA;2;62760
ANNECY;31;74000
HETTANGE-GRANDE;2;57330
FOLEMBRAY;1;02670
SAINT-BAUZILE;1;48000
REIMS;26;51100
ARRAS;12;62000
LAMBERSART;4;59130
CHAMPAGNOLE;1;39300
MIRECOURT;2;88500
MONTMAGNY;1;95360
USSEL;2;19200
MER;1;41500
LEGUEVIN;2;31490
BETTON;5;35830
PLABENNEC;1;29860
SAINT-FLORENTIN;2;89600
BIARRITZ;10;64200
HALLUIN;3;59250
STATTMATTEN;1;67770
AUCAMVILLE;7;31140
PIERRELATTE;4;26700
SAINT-ETIENNE-LES-ORGUES;1;04230
SAINTRY-SUR-SEINE;2;91250
VETRAZ-MONTHOUX;3;74100
HOURTIN;1;33990
FOSSES;4;95470
MIRIBEL;5;60940
JOUÉ-LÈS-TOURS;1;37300
MEAUX;4;77100
FOUQUIERES-LES-LENS;1;62740
ANNEMASSE;19;74100
ROANNE;7;42300
SAINT-MÉDARD-EN-JALLES;1;33160
TERGNIER;5;02700
PONT-SAINTE-MAXENCE;3;60700
VOREPPE;8;38340
LE CHESNAY;5;78150
VANNES;12;56000
FONTAINE;2;38600
TAYAC;1;33570
THONON LES BAINS;1;74200
NEUILLY-PLAISANCE;6;93360
ILLZACH;7;68110
POITIERS;23;86000
ORNANS;2;25290
SOULTZ-HAUT-RHIN;3;68360
ROMILLY-SUR-SEINE;5;10100
LE BOUSCAT;6;33110
MESQUER;1;44420
GUERANDE;2;44350
VERNET;1;31810
MARCY;2;69480
MESNAC;1;16370
YCHOUX;1;40160
CHALMAISON;1;77650
OIGNIES;1;62590
RUMILLY;10;74150
MONTEUX;5;84170
BAYEUX;2;14400
PROVENCE-ALPES-CÔTE D'AZUR;9;83140
GENISSAC;1;33420
RIBEAUVILLE;2;68150
THYEZ;2;74300
FENOUILLET;2;31150
PLAN-D'ORGON;3;13750
AIXE-SUR-VIENNE;4;87700
JURANCON;2;64110
RUEIL-MALMAISON;13;92500
MONTOIRE-SUR-LE-LOIR;1;41800
PANAZOL;3;87350
PLAISIR;4;78370
CHIRENS;1;38850
NOGENT-SUR-MARNE;7;94130
MERY-SUR-SEINE;1;10170
MENTON;4;06500
CLUSES;12;74300
LA CIOTAT;11;13600
FERNEY-VOLTAIRE;15;01210
VERNEUIL-SUR-SEINE;2;78480
JUVIGNAC;2;34990
ROQUEFORT-LA-BEDOULE;1;13830
SENS;5;89100
MELUN;11;77000
TETING-SUR-NIED;2;57385
OBERNAI;3;67210
CERCOTTES;1;45520
CHENS-SUR-LEMAN;2;74140
SAINVILLE;1;28700
PONT-AUDEMER;3;27500
GENNEVILLIERS;3;92230
SAINT-PIERRE-LES-ELBEUF;2;76320
MIONS;1;69780
MERU;2;60110
SAINT-ÉTIENNE;4;42000
COULAURES;1;24420
HILLION;1;22120
LEAZ;1;01200
MOYENMOUTIER;1;88420
BUXEROLLES;5;86180
JARGEAU;4;45150
MONTATAIRE;2;60160
ORLEANS;17;45000
RILLIEUX-LA-PAPE;3;69140
CHEVIGNY-SAINT-SAUVEUR;6;21800
MAUGUIO;9;34130
CARENTAN;1;50500
L'HERBERGEMENT;1;85260
SÉLESTAT;3;67600
VILLENEUVE-D'ASCQ;11;59491
ENGHIEN-LES-BAINS;4;95880
SAINT-ANDRE-DE-L'EURE;2;27220
CAVAILLON;4;84300
VILLENEUVE-LES-AVIGNON;5;30400
AUCH;4;32000
SAINT-JEAN-D'ANGELY;1;17400
BARENTIN;3;76360
.;2;00000
TRETS;2;13530
BLANQUEFORT;4;33290
FONTAINES-SUR-SAÔNE;1;69270
ALBI;16;81000
AYTRE;3;17440
UZES;2;30700
GUÉRANDE;1;44350
LEVES;1;28300
ARDENTES;1;36120
SETE;9;34200
AVON;1;77210
LILLE;30;59800
CARQUEFOU;11;44470
YFFINIAC;2;22120
TOULON;29;83200
PUYMOYEN;2;16400
PERIGUEUX;4;24000
TAVERNY;2;95150
CHAMPS-SUR-MARNE;3;77420
CAISSARGUES;1;30132
AUDUN-LE-TICHE;3;57390
VILLENAVE-D'ORNON;10;33140
NOUAN-LE-FUZELIER;1;41600
VALENTIGNEY;4;25700
LE POINCONNET;1;36330
FLORANGE;5;57190
OTHIS;1;77280
SAINT-BUGAN;1;22600
PUISEUX-PONTOISE;2;95650
FOUESNANT;3;29170
FAMECK;2;57290
NŒUX-LES-MINES;2;62290
INGERSHEIM;1;68040
SAINT-MARTIN-L'ARS;1;86350
ENTRAIGUES;1;38740
CENON;8;33150
SAINT-MARTIN-DES-CHAMPS;2;29600
BETTANGE;1;57220
ARQUES;2;62510
CLERMONT-FERRAND;15;63100
BILLERE;5;64140
CUCQ;2;62780
MAZAMET;2;81200
VERDUN;2;55100
FRESSENNEVILLE;1;80390
SAINT-CLOUD;2;92210
NANTERRE;10;92000
MAROMME;2;76150
DEAUVILLE;5;14800
ELBEUF;5;76500
SAINT-JUST-D'ARDECHE;1;07700
AUBIN;1;12110
AUBERGENVILLE;5;78410
MONTREAL-LA-CLUSE;1;01460
PLEURTUIT;2;35730
VER-SUR-MER;1;14114
PEAUGRES;1;07340
LUNEL;6;34400
CLÉREY;1;10390
ANTONY;10;92160
LE COTEAU;2;42120
AUBIERE;1;63170
GEX;9;01170
SAINT-JORIOZ;3;74410
ORSCHWIHR;1;68500
PIERREFITTE-SUR-SEINE;1;93380
SAINT-AVE;3;56890
MEYLAN;9;38240
SAINT-ANTONIN-NOBLE-VAL;2;82140
EYSINES;7;33320
RIS-ORANGIS;2;91130
FREJUS;8;83600
CUSSAC-FORT-MÉDOC;1;33460
CANTELEU;2;76380
LISSIEU;2;69380
 UFFHOLTZ;1;68700
GAGNY;5;93220
ISSY-LES-MOULINEAUX;11;92130
CHENEDOLLE;1;14410
LA GAUDE;1;06610
SAINT-VALLIER;3;71230
AVAILLES-EN-CHATELLERAULT;1;86530
PUTEAUX;10;92800
SAINT GERMAIN DU PUCH;1;33750
QUILY;1;56800
CHOLET;6;49300
LIBOURNE;4;33500
FRESNES;5;94260
LES MONTILS;1;41120
EVREUX;3;27000
ARGENTEUIL;11;95100
CHÂTEAU-THIERRY;1;02400
ALIZAY;2;27460
CLOYES-SUR-LE-LOIR;2;28220
JUZIERS;2;78820
LE PERREUX-SUR-MARNE;6;94170
MARQUISE;1;62250
VERSAILLES;18;78000
CORNEBARRIEU;4;31700
LEGE-CAP-FERRET;3;33970
REZE;6;44400
CHOISY-LE-ROI;4;94600
STIRING-WENDEL;2;57350
EPEHY;1;80740
DONVILLE-LES-BAINS;4;50350
BANDOL;6;83150
CHAPAREILLAN;1;38530
LA FEUILLIE;1;76220
BEDEE;1;35137
BRON;11;69500
RIBECOURT-DRESLINCOURT;1;60170
AUBAGNE;3;13400
LA VILLE-AUX-DAMES;1;37700
SAINT-MAUR-DES-FOSSES;8;94210
CHAMALIERES;6;63400
SOUZAY-CHAMPIGNY;1;49400
ROCHE-LA-MOLIERE;1;42230
MALAUNAY;1;76770
HENIN-BEAUMONT;2;62110
LE GRAU-DU-ROI;3;30240
COLLONGES-SOUS-SALEVE;5;74160
RIVIERE-SAAS-ET-GOURBY;1;40180
PLUVIGNER;3;56330
BOLBEC;2;76210
JOUY-EN-JOSAS;3;78350
COLOMIERS;2;31770
LEUCATE;3;11370
LÉZIGNEUX;1;42600
MONTGERON;6;91230
LEVALLOIS-PERRET;11;92300
ÉCROUVES;2;54200
HINDISHEIM;1;67150
GARDANNE;6;13120
SALON-DE-PROVENCE;4;13300
NOISY-LE-GRAND;9;93160
CHÂTEAUGIRON;1;35410
MUTZIG;3;67190
BOULOGNE-SUR-MER;5;62200
CHARTRES-DE-BRETAGNE;4;35131
VAULX-EN-VELIN;11;69120
MOUY;1;60250
LE PALAIS-SUR-VIENNE;2;87410
MARCQ-EN-BAROEUL;12;59700
VERTAIZON;2;63910
BEAUVOISIN;1;30640
QUESTEMBERT;3;56230
TOURNAN-EN-BRIE;3;77220
GISORS;5;27140
PONTCHARRA-SUR-TURDINE;1;69490
ARLES;10;13200
GRANVILLE;3;50400
BEAUVAIS;12;60000
BLOTZHEIM;2;68730
CHOUY;1;02210
BRIVE-LA-GAILLARDE;8;19100
MAISONS-LAFFITTE;5;78600
CHAUNY;2;02300
ARCACHON;5;33120
MONTAUBAN-DE-BRETAGNE;2;35360
MESCHERS-SUR-GIRONDE;1;17132
COGOLIN;3;83310
GOVEN;2;35580
L'ISLE-D'ABEAU;2;00038
SAINT-REMY-DE-PROVENCE;3;23300
BUHY;1;95770
LE PETIT-QUEVILLY;6;76140
WECKOLSHEIM;1;68600
ROISSY-EN-BRIE;4;77680
SAINT-JEAN-DE-LA-RUELLE;2;45140
BEGLE;1;33130
BRESSOLS;4;82710
CARCÈS;2;83570
VENDENHEIM;1;67550
CHARNAY-LES-MACON;3;71850
L'AIGLE;1;61300
MEGEVE;1;74120
CHAMBERY;17;73000
SAINT-ANDRE-LES-VERGERS;2;10120
TARN;1;81100
L'ISLE-ADAM;8;95290
SAINT-GERMAIN;1;10120
ETOGES;1;51270
PREHY;1;89800
LE CHATEAU-D'OLONNE;1;85180
BEAURAINS;2;62217
CHATEAUNEUF;1;85710
IGNY;4;91430
SAINTE-SOULLE;1;17220
VILLERS-COTTERETS;1;02600
ROSNY-SUR-SEINE;2;78710
COURCELLES-CHAUSSY;1;57530
ECULLY;1;69130
SENE;1;56860
SCHILTIGHEIM;6;67300
BEAUSOLEIL;2;06240
DONCOURT-LES-CONFLANS;1;54800
NARBONNE;10;11100
NÎMES;5;30000
MORTEAU;6;25500
RESSONS-SUR-MATZ;1;60490
LARMOR-PLAGE;3;56260
MIDI-PYRÉNÉES;2;65000
VALENCIENNES;11;59300
LAMBESC;2;13410
ANNECY-LE-VIEUX;9;74940
CHÂTEAUNEUF-SUR-LOIRE;1;45110
PUBLIER;1;74500
SORBIERS;2;42290
SAINT-AUBIN-DU-CORMIER;1;35140
DUN-SUR-AURON;1;18130
MONTPITOL;1;31380
SAINT-CYR-SOUS-DOURDAN;1;91410
SAINT-DENIS-DE-PILE;1;33910
TERVILLE;2;57180
SAINT-BRIEUC;20;22000
SANGUINET;4;40460
MONTARGIS;2;45200
SAUTRON;2;44880
BISCHHEIM;3;67800
ISTRES;6;13800
VERNEGUES;1;13116
LIMETZ-VILLEZ;1;78270
VAUX-SUR-MER;3;17640
VOIRON;3;38500
SAINTE-MAXIME;7;83120
GIROMAGNY;1;90200
AVENSAN;1;33480
COMBS-LA-VILLE;3;77380
LESCAR;3;64230
TALANT;3;21240
CARBONNE;2;31390
DUNKERQUE;12;59140
CHAMPIGNY-SUR-MARNE;9;94500
FALAISE;3;14700
DAMPRICHARD;1;25450
ESTAGEL;1;66310
CALVADOS;1;14200
BERNIERES-SUR-MER;1;14990
SAINT-PAUL-DE-JARRAT;1;09000
MARSAC-SUR-L'ISLE;2;24430
SAINT-CERGUES;3;74140
MUNDOLSHEIM;3;67450
SAINT-ARNOULT-EN-YVELINES;2;78730
GUENANGE;1;57310
PLAN-DE-CUQUES;3;13380
PARTHENAY;2;79200
BALLANCOURT-SUR-ESSONNE;1;91610
OISSEL;4;76350
MURET;4;31600
BEUGIN;1;62150
LIVRY-GARGAN;4;93190
SARCELLES;3;95200
HAYANGE;1;57700
MOISSY-CRAMAYEL;4;77550
MARLENHEIM;2;67520
CHATEAUBERNARD;1;16100
HIRSON;4;02500
RONCHIN;1;59790
CINTRAY;1;28300
PELLEPORT;1;31480
HAUTMONT;1;59330
RIVAS;2;42340
SAINT-MATHIEU-DE-TREVIERS;1;34270
COURBEVOIE;19;92400
PERROS-GUIREC;5;22700
ISSOU;1;78440
LE PRADET;5;83220
BAUGÉ EN ANJOU;1;49150
BALMA;6;31130
ZILLISHEIM;2;68720
CHENOVE;1;21300
SOUPPES-SUR-LOING;1;77460
REPLONGES;1;01750
BELLEGARDE-SUR-VALSERINE;3;01200
TORREILLES;3;66440
BULLY-LES-MINES;6;62160
MARGUERITTES;2;30320
NETTANCOURT;1;55800
SAVOIE;1;73200
PAMIERS;4;09100
NOYON;3;60400
LE LAVANDOU;3;83980
FRIGNICOURT;1;51300
LEYRIEU;1;38460
LUGOS;1;33830
TRESSES;1;33370
SAUMUR;4;49400
MOLLANS-SUR-OUVEZE;1;26170
CORMONTREUIL;3;51350
CLISSON;4;44190
CHELLES;2;77500
HAZEBROUCK;2;59190
TREBES;1;11800
SÉNAS;1;13560
LE RELECQ-KERHUON;1;29480
SAINT-PIERRE-DU-MONT;2;40280
THOUARE-SUR-LOIRE;2;44470
ECHIROLLES;6;38130
AUDINCOURT;5;25400
LE MUY;1;83490
ESCAUDAIN;2;59124
CHATEAUROUX;1;36000
WASQUEHAL;4;59290
LONGJUMEAU;2;91160
SAUCHY-LESTREE;1;62860
LE PLESSIS-TREVISE;4;94420
LA RAVOIRE;2;73490
QUEVERT;1;22100
POISSY;3;78300
GOOS;1;40180
SANARY-SUR-MER;9;83110
SAINT-OUEN;13;93400
VILLE-LA-GRAND;4;74100
VERTOU;3;44120
RAON-L'ETAPE;3;88110
ANET;2;28260
BAZEMONT;3;78580
NOYELLES-SUR-ESCAUT;1;59159
BRAY-DUNES;3;59123
PETIT-COURONNE;3;76650
BOHAIN-EN-VERMANDOIS;3;02110
VAL-D'OISE;1;95170
CHÂLETTE-SUR-LOING;1;45120
SAINT-GERMAIN-DU-CORBEIS;1;61000
ROYAN;4;17200
VANDOEUVRE-LES-NANCY;6;54500
BEAUGENCY;2;45190
VITROLLES;9;13127
MONTAY;1;59360
NEUVE-CHAPELLE;1;62840
SANARY SUR MER;1;83110
LAGORD;1;17140
CAPINGHEM;1;59160
SAINT-PRIX;2;95390
CONDÉ-SUR-SARTHE;1;61250
TARASCON;4;13150
SARAN;2;45770
LANTEFONTAINE;1;54150
LA MAILLERAYE-SUR-SEINE;2;76940
SAINT-MICHEL;1;16470
MAXÉVILLE;2;54320
SURZUR;1;56450
ALFORTVILLE;7;94140
LORIENT;18;56100
BOULOGNE-BILLANCOURT;20;92100
PERENCHIES;1;59840
HÉRAULT;3;34130
SOISSONS;6;02200
HEINING-LES-BOUZONVILLE;1;57320
VILLEPARISIS;4;77270
FONTENILLES;2;31470
NOISY-LE-SEC;4;93130
LE FAY;1;71580
LOIRE;1;42130
SAINT-NAZAIRE;12;44600
VENDARGUES;1;34740
FOLLAINVILLE-DENNEMONT;1;78520
VERNON;3;27200
ERSTEIN;5;67150
ROMANS SUR ISERE;1;26100
BORAN SUR OISE;1;60820
WAMBRECHIES;1;59118
CHARENTON-LE-PONT;6;94220
MONTCEAU-LES-MINES;2;71300
VERRIÈRES-LE-BUISSON;1;91370
CUCURON;3;84160
THICOURT;2;57380
ALGRANGE;4;57440
BISCHWILLER;3;67240
ANSE;1;69480
YVRÉ-LE-PÔLIN;1;72330
LEZIGNEUX;2;42600
TRÈBES;1;11800
TOURNEFEUILLE;3;31170
ÉCHALOU;1;61440
SAINT-MAURICE-DE-ROTHERENS;1;73240
OUDON;1;44521
LA GARDE;9;83130
BORAN-SUR-OISE;1;60820
SAINT-MAXIMIN-LA-SAINTE-BAUME;2;83470
CHÈZENEUVE;1;38300
BOURG LES VALENCE;1;26500
SABLÉ-SUR-SARTHE;2;72300
VENISSIEUX;6;69200
BEUZEVILLE;1;27210
SENNECEY-LE-GRAND;1;71240
LAURIS;2;84360
BRUAY-LA-BUISSIERE;2;62700
WITTERSHEIM;1;67670
FUVEAU;1;13710
SEREILHAC;1;87620
ROMAINVILLE;4;93230
BAGES;1;66670
SAINT-BRICE-SOUS-FORET;2;95350
BRUZ;3;35170
LANGUEDOC-ROUSSILLON;3;30900
OISE;1;60340
CENNE-MONESTIES;1;11170
BOISSY-AUX-CAILLES;1;77760
LABENNE;4;40530
OUISTREHAM;5;14150
MARCHIENNES;5;59870
VITTEL;2;88800
ÉVREUX;4;27000
AUBERVILLIERS;8;93300
CRAPONNE;4;69290
BONNEVILLE;5;74130
CHEMILLE SUR DEME;1;38370
COPPONEX;1;74350
MALAKOFF;6;92240
FILLINGES;2;74250
LA ROCHE-SUR-YON;5;85000
AUCHY-LEZ-ORCHIES;3;59310
BOULIEU-LES-ANNONAY;1;07100
JOINVILLE-LE-PONT;1;94340
SALIES-DU-SALAT;1;31260
TOURNON-SUR-RHONE;2;07300
SAINT-JUNIEN;2;87200
LOCHES;4;37600
BLONVILLE-SUR-MER;1;14910
RHÔNE-ALPES;2;74110
ANNELLES;1;08310
MESSIMY;2;69510
LE CHAMBON-FEUGEROLLES;1;42500
ABBEVILLE;1;80100
RANS;1;39700
NOYAL-CHÂTILLON-SUR-SEICHE;1;35230
VIUZ-EN-SALLAZ;3;74250
VILLENEUVE-SUR-YONNE;2;89500
CAMPAGNE-LES-WARDRECQUES;1;62120
ILLE-ET-VILAINE;2;30800
HEM;5;59510
BRUGES;6;33520
BOUGUENAIS;3;44340
LA VILLE-DU-BOIS;1;91620
SAINT-CYR-SUR-LOIRE;2;37540
LIGNY-EN-BRIONNAIS;1;71110
CERANS-FOULLETOURTE;1;72330
NEAUFLES-SAINT-MARTIN;1;27830
FORMERIE;1;60220
CHAUMONT;3;52000
MENUCOURT;1;95180
CRETEIL;7;94000
MARPENT;1;59164
LANCON-PROVENCE;1;13680
HERMES;1;60370
ROSCANVEL;1;29570
ROCHEFORT-SUR-NENON;1;39700
DREFFEAC;1;26780
VENASQUE;1;84210
VILLEPINTE;5;93420
DOMAGNE;1;35113
SAINT-MARTIN-DE-FONTENAY;1;14320
LA TESTE-DE-BUCH;7;33260
LA PENNE-SUR-HUVEAUNE;2;13821
LIMAS;2;69400
CHANTEPIE;3;35135
MARLY;4;57155
CARNAC;4;56340
MOULINS;2;03000
BINIC;3;22590
MONTFERMEIL;3;93370
BRETAGNE;2;29800
LORGUES;2;83510
VICHY;3;03200
ERMONT;3;95120
VAIVRE-ET-MONTOILLE;1;70000
LEXY;3;54720
CHESSY;1;77700
BAILLY-ROMAINVILLIERS;4;77700
SERNHAC;1;30210
HEROUVILLE-SAINT-CLAIR;4;14200
AGEN;5;47000
LES ANGLES;4;30133
NIEUL-SUR-L'AUTISE;1;85240
SAINT-DIZIER;2;52100
GEMENOS;1;13420
VIGNEUX-SUR-SEINE;1;91270
ECOLE-VALENTIN;1;25480
GENTILLY;3;94250
PRESLES;2;95590
EU;2;76260
FORCALQUIER;2;04300
BOFFRES;1;07440
COURS-LA-VILLE;1;69470
FEUQUIERES-EN-VIMEU;1;80210
PERON;1;01630
GRANDE SYNTHE  ;1;59760
BOURG-DE-PEAGE;2;26300
LIANCOURT;1;60140
CHERBOURG-OCTEVILLE;4;50130
MONTREUIL;11;93100
CROZON;2;29160
ETAMPES;4;91150
CREIL;3;60100
ENNERY;1;57365
CHAMPEAUX ;1;77390
SEVRAN;3;93270
CONCARNEAU;7;29900
SIMPLE;2;53360
TREMBLAY-EN-FRANCE;5;93290
ILLKIRCH-GRAFFENSTADEN;4;67400
GRANDCOURT;1;76660
GIEN;4;45500
PIBRAC;2;31820
LIFFRÉ;1;35340
CHAMONIX-MONT-BLANC;2;74400
SENILLE;1;86100
JOSSIGNY;1;77600
SAINT-MARTIN-DE-LAYE;1;33910
VERNOUILLET;2;28500
NOGENT-LE-ROTROU;1;28400
GRIGNOLS;1;24110
SABLE-SUR-SARTHE;4;72300
REVEL;4;31250
BASSE-GOULAINE;3;44115
MARMANDE;1;47200
CONDAT-SUR-VIENNE;1;87920
ANGOULÊME;6;16000
LANNION;6;22300
MARLIOZ;1;74270
TOURLAVILLE;1;50110
REZÉ;8;44400
BOURG-DES-COMPTES;1;35890
RUNGIS;3;94150
NEUILLY-SUR-SEINE;15;92200
MOELAN-SUR-MER;2;29350
MONTLUCON;2;03100
ROSHEIM;2;67560
SAINT-AUBIN-EN-BRAY;1;60650
SAINT-OMER;2;62500
DOLE;3;39100
BEAUFICEL-EN-LYONS;1;27480
PONT-DU-CHATEAU;1;63430
COUDOUX;1;13111
MILLY-LA-FORET;1;91490
LES ANDELYS;1;27700
DAMMARIE-LES-LYS;3;77190
SOLIGNY-LES-ETANGS;1;10400
GRIMAUD;3;83310
CASTELSARRASIN;4;82100
MEYZIEU;6;69330
VILLEFONTAINE;2;38090
CELLES-SUR-BELLE;1;79370
NOYAL-PONTIVY;1;56920
ALPES-MARITIMES;2;06400
BRESSUIRE;1;79300
PACE;1;35740
LANDÉHEN;1;22400
MONTBRISON;4;42600
MANDEURE;1;25350
BASSENS;1;73000
ELNE;4;66200
SAINT-CLÉMENT-DE-RIVIÈRE;1;34980
SCEAUX;5;92330
BANNALEC;2;29380
VIRE;1;14500
BOISSY-L'AILLERIE;1;95650
FONTENAY-LE-MARMION;1;14320
SAINT-MARTIN-DE-FRAIGNEAU;1;85200
OUROUX-EN-MORVAN;1;58230
BOURLON;1;62860
AMBILLY;5;74100
MAUBEUGE;7;59600
LES ROUSSES;5;39220
BACHIVILLERS;1;60240
LESCURE-D'ALBIGEOIS;1;81380
ORMOY-LA-RIVIERE;1;91150
ARTHON-EN-RETZ;1;44320
DRANCY;4;93700
GIF-SUR-YVETTE;4;91190
MAUVES-SUR-LOIRE;2;44470
HONFLEUR;4;14600
NOIRMOUTIER-EN-L'ILE;2;85330
WINTZENHEIM;1;68920
HAUBOURDIN;5;59320
MONTEVRAIN;1;77144
SAINT-BENOIT;1;86280
GAREOULT;1;83136
HAUCOURT-MOULAINE;2;54860
LA TOUR-DU-CRIEU;2;09100
BAISIEUX;3;59780
SAINT-MARTIN-DES-MONTS;1;72400
COULOMMIERS;2;77120
VAUX-SUR-SEINE;1;78740
LE PUY EN VELAY;1;43000
SOMAIN;3;59490
PIERRE-CHATEL;1;38119
CABANAC-ET-VILLAGRAINS;1;33650
PROVINS;3;77160
SAINT-OUEN-MARCHEFROY;1;28260
BOULAY-MOSELLE;2;57220
MAISONS-ALFORT;6;94700
CHATILLON-EN-MICHAILLE;2;01200
BETSCHDORF;1;67660
LE BARCARES;2;66420
ROUFFIAC-TOLOSAN;1;31180
LOUVROIL;1;59720
VALBONNE;2;06560
CHAMBRAY-LÈS-TOURS;1;37170
ACHERES;2;78260
SAINT-OMER-CAPELLE;1;62162
BOURG-LA-REINE;2;92340
QUIMPERLE;1;29300
HENDAYE;4;64700
LEZENNES;2;59260
SENLIS;5;60300
VILLEMOUSTAUSSOU;1;11620
VILLARD-BONNOT;2;38190
BAILLEUL;1;59270
MERIGNIES;2;59710
BALLERAY;1;58130
LOCQUIREC;1;29241
GOUSSAINVILLE;4;95190
ESBLY;2;77450
BERNAY;1;27300
HEILLECOURT;2;54180
CANET-EN-ROUSSILLON;7;66140
GOURHEL;1;56800
MONTANGES;1;01200
JAUCOURT;1;10200
BERNEUIL;1;17460
TREGUNC;1;29910
SAINT-SULPICE-LA-POINTE;2;81370
YVRAC;1;33370
JOUY-SOUS-THELLE;1;60240
SAINT-GERMAIN-LES-CORBEIL;1;91250
FERRIERES-EN-GATINAIS;1;45210
PLOUBALAY;1;22650
SAINT-ALBAN;1;31140
LE PONT-DE-BEAUVOISIN;2;73330
LEVENS;2;06670
MORLAIX;4;29600
PAREMPUYRE;2;33290
PORNICHET;6;44380
MERTEN;1;57550
CORNAS;1;07130
CHATEAU THEBAUD;1;44690
ORLÉANS;5;45000
TRAPPES;2;78190
LONGPONT-SUR-ORGE;3;91310
VINCENNES;8;94300
TELGRUC-SUR-MER;1;29560
JOUE-LES-TOURS;5;37300
SAINT MARD ;1;17700
LE TEICH;2;33470
PONTOISE;4;95300
SUCE-SUR-ERDRE;1;44240
WALDOLWISHEIM;1;67700
EPINAY-SUR-SEINE;5;93800
BORMES-LES-MIMOSAS;1;83230
BRETIGNY-SUR-ORGE;1;91220
MEULLES;1;14290
BLARINGHEM;1;59173
PLOUDIRY;1;29800
ANCTOVILLE;1;14240
AGON-COUTAINVILLE;1;50230
TREMUSON;2;22440
LE HOULME;1;76770
MECQUIGNIES;1;59570
SAINT-SAUVEUR-D'AUNIS;1;17540
RAISMES;1;59590
PLOUFRAGAN;3;22440
L'ISLE-SUR-LA-SORGUE;2;84800
LEFFINCOURT;2;08310
ALENCON;4;61000
VOLMERANGE-LES-MINES;1;57330
SABLONS;1;38550
GRUISSAN;2;11430
ALSACE;1;67000
FOURQUES;2;66300
CHARQUEMONT;2;25140
SAINT-VIT;4;25410
LE PRE-SAINT-GERVAIS;3;93310
DOMPIERRE-SUR-YON;2;85170
LORRIS;1;45260
AUBORD;1;30620
ANTIBES;16;06600
FOURAS;5;17450
CHÂTELLERAULT;2;86100
RANDAN;1;63310
CHÂTEAU-GONTIER;1;53200
GASVILLE-OISEME;1;28300
DRAGUIGNAN;12;83300
PORNIC;4;44210
SAINT-PHILBERT-DE-GRAND-LIEU;1;44310
PUYGOUZON;1;81990
EMANCE;1;78125
LA TRANCHE-SUR-MER;4;85360
VAUCRESSON;4;92420
VENELLES;4;13770
LA MADELEINE;7;59110
MASSY;8;91300
OZOIR-LA-FERRIERE;2;77330
CABESTANY;2;66330
LACANAU;3;33680
HERBLAY;2;95220
AMBARES-ET-LAGRAVE;2;33440
SAINT-VICTURNIEN;2;87420
TRUCHTERSHEIM;3;67370
PORDIC;1;22590
TOURCOING;7;59200
MONTGAILHARD;1;09000
SAILLY-SUR-LA-LYS;1;62840
MONTMELIAN;2;73800
MANOSQUE;7;04100
AIRAINES;1;80270
SAINTES-MARIES-DE-LA-MER;1;13460
CAROLLES;1;50740
VILLEMOMBLE;3;93250
AUDENGE;4;33980
AUREC-SUR-LOIRE;1;43110
PLOEMEL;1;56400
SAINTES;2;17100
ALLAIRE;1;56350
MALESTROIT;2;56140
JACOU;2;34830
EVIAN-LES-BAINS;2;74500
FACHES-THUMESNIL;2;59155
LA GRANDE-MOTTE;7;34280
SIN-LE-NOBLE;1;59450
OYONNAX;4;01100
ASSIER;1;46320
DARDILLY;2;69570
THUIR;2;66300
GASSIN;1;83580
SAINT-MARTIN-D'HERES;8;38400
ROCHE-LEZ-BEAUPRE;1;25220
LAMBRES-LEZ-DOUAI;2;59552
VENDOME;1;41100
LA GUÉRINIÈRE;1;85680
BERCK;2;62600
SAINT-MARTIN-AU-LAERT;1;62500
SAINT RAPHAEL;1;83700
ARTHEZ-DE-BEARN;2;64370
LIGNY-EN-CAMBRESIS;1;59191
STAINS;7;93240
CONSAC;1;17150
SAINT-PRIEST;5;69800
PREMANON;4;39220
LION-SUR-MER;2;14780
BOUAYE;1;44830
SAINT-GILLES-CROIX-DE-VIE;2;85806
SAINTE-MESME;2;78730
GARCHES;3;92380
VILLERS-LES-NANCY;3;54600
DINAN;3;22100
ANGLIERS;1;86330
RULLY;1;71150
SAINT-LEU-LA-FORET;1;95320
BERGUES;1;59380
COLOMBELLES;2;14460
PLEUMEUR-BODOU;3;22560
CHENEX;1;74520
PIERREFONDS;2;60350
CYSOING;2;59830
LE TECH;1;66230
HUSSIGNY-GODBRANGE;2;54590
LA CHAPELLE-GAUTHIER;1;77720
CROISSY;5;78290
DREUX;11;28100
VINON-SUR-VERDON;1;83560
MARCOING;1;59159
BEYNOST;2;01700
CAPPELLE-LA-GRANDE;1;59180
VILLABON;1;18800
BEZONS;4;95870
LA PLAINE-SUR-MER;2;44770
GAILLARD;11;74240
CLAIRA;3;66530
VALLIERES;1;74150
AMBARÈS-ET-LAGRAVE;3;33440
SEYSSUEL;3;38200
THURE;1;86540
LE VAL;3;83143
EBERSVILLER;1;57320
PASSY;3;74190
LA VALETTE-DU-VAR;7;83160
BOURG-LÈS-VALENCE;1;26500
BRINDAS;3;69126
GUICHEN;2;35580
LOGNES;1;77185
SAINT-RAPHAEL;7;83700
FLEURINES;2;60700
MONTESSON;1;78360
SAINT PIERRE DE SALERNE;1;27800
POMPONNETTE;1;77400
GONDECOURT;2;59147
VEIGY-FONCENEX;6;74140
CHENNEVIERES-SUR-MARNE;1;94430
CHATELAILLON-PLAGE;3;17340
LA ROQUE-BAIGNARD;1;14340
PONT-SAINT-MARTIN;2;44860
CHAVILLE;2;92370
CIBOURE;3;64500
HAVANGE;1;57650
GOINCOURT;2;60000
AUBIÈRE;1;63170
CHÂTEAUNEUF-LES-MARTIGUES;1;13220
BAILLARGUES;2;34670
LIGNIERES;2;61240
SIERCK-LES-BAINS;1;57480
SAINT-GERVAIS-LA-FORET;1;80440
LANDREVARZEC;1;29510
THURY-SOUS-CLERMONT;1;60250
TRÉMOLAT;1;24510
MARCK;2;62730
PISSOS;1;40410
LUCINGES;1;74380
SAINT-VINCENT-DE-TYROSSE;2;40230
SAINT-MANDÉ;1;94160
BARBERAZ;1;73000
POCE-SUR-CISSE;1;37530
GRASSE;4;06130
SEINE-ET-MARNE;1;77940
CHATENOIS-LES-FORGES;1;90700
VEYRIER-DU-LAC;1;74290
SAINT-PAL-DE-MONS;1;43620
LE BREUIL;1;71670
SIX-FOURS-LES-PLAGES;5;83140
SAINT-PIERRE-DES-CORPS;1;37700
LA GROISE;1;59360
AVIZE;1;51190
SAINT-AUBIN-EPINAY;1;76160
WOUSTVILLER;2;57915
PERONNE;1;80200
CAZILHAC;1;34190
PONTAULT-COMBAULT;3;77340
MONTIGNY-LES-METZ;5;57950
MÂCON;2;71000
RUE LÉON BLUM;1;00000
SAINT-SEBASTIEN-SUR-LOIRE;7;44230
BRETIGNOLLES-SUR-MER;1;85470
VELIZY-VILLACOUBLAY;3;78140
TOURNON-SAINT-MARTIN;1;36220
GRIGNY;3;91350
VAUREAL;2;95490
LE MEUX;1;60880
HUNINGUE;4;68330
MESSERY;5;74140
COUZEIX;2;87270
MOLSHEIM;3;67120
PLOZEVET;1;29710
BENFELD;1;67230
DECIZE;3;58300
FONDETTES;2;37230
TALANGE;1;57525
TUPIN-ET-SEMONS;1;69420
SARDON;1;63260
CHAMBLY;5;60230
LONS-LE-SAUNIER;5;39000
ASCAIN;2;64310
DESERTINES;1;03630
LESNEVEN;1;29260
NOISIEL;2;77186
RHÔNE;1;69400
NAVES-PARMELAN;1;74370
PONTIVY;3;56300
BELMONT;1;39380
AUPS;2;83630
BOURG-ACHARD;1;27310
VESANCY;2;01170
SOLAIZE;1;69360
MOUROUX;1;77120
POMMEUSE;1;77515
MESSON;1;10190
CHATEAUNEUF-DU-PAPE;2;84230
VIRY-CHATILLON;3;91170
CHAUDENEY-SUR-MOSELLE;2;00001
LA CHEVROLIERE;1;44118
SAINT-GENIS-POUILLY;5;01630
MALESHERBES;2;45330
SAINT-PAIR-SUR-MER;4;50380
VIRY;3;74580
BOUZILLE;1;49530
ARNOUVILLE;2;95400
CHABEUIL;2;26120
SAINT-BRIAC-SUR-MER;2;35800
CARRIERES-SUR-SEINE;1;78420
SAINT-GERMAIN-SUR-BRESLE;1;80430
DOUAI;4;59500
LAUNAGUET;2;31140
COURSAC;1;24430
LA FRETTE-SUR-SEINE;3;95530
MARAUSSAN;2;34370
HERBIGNAC;2;44410
COGNAC;5;16100
GUÉMENÉ-PENFAO;1;44290
LUNEVILLE;2;54300
TOURNUS;2;71700
SEGNY;1;01170
SAINT-PERAY;1;07130
SAINT-PIERRE-EN-FAUCIGNY;2;74800
LE TOUQUET-PARIS-PLAGE;3;62520
TARN-ET-GARONNE;1;82100
AQUITAINE;5;64200
NANS-LES-PINS;2;83860
BARCELONNETTE;1;04400
 SAINTE-HÉLÈNE;1;56700
CAMBURAT;1;46100
LATOUR-BAS-ELNE;2;66200
GOURNAY-SUR-MARNE;1;93460
FRONTIGNAN;4;34110
LILLEBONNE;2;76170
SAINT-MARTIN-DE-HINX;1;40390
MELLAC;1;29300
SOURAIDE;1;64250
BRÉHAL;1;50290
CHANTILLY;2;60500
BISCARROSSE;3;40600
CARMAUX;4;81400
BOULT-SUR-SUIPPE;3;51110
SAINT-JACQUES-SUR-DARNÉTAL;1;76160
PARIGNÉ-L'ÉVÊQUE;1;72250
DAVÉZIEUX;1;07430
COURSAN;2;11110
BARJOLS;2;83670
NORDHEIM;1;67520
TASSIN-LA-DEMI-LUNE;3;69160
GÉVEZÉ;1;35850
SEYNOD;5;74600
MEXIMIEUX;2;01800
VILLENEUVE-SUR-LOT;3;47300
ARCHAMPS;3;74160
GUJAN-MESTRAS;6;33470
FEIGERES;1;74160
VILLERUPT;4;54190
LENS;2;62300
RIBEAUVILLÉ;1;68150
GRAY;2;70100
GUIGNES;1;77390
SEYCHALLES;1;63190
LANESTER;2;56600
REIGNIER-ESERY;3;74930
LA CHAPELLE-RABLAIS;1;77370
SAINT-GERMAIN-DU-PUCH;1;33750
DIVES-SUR-MER;1;14160
SAINT-GERMAIN-D'ECTOT;1;14240
SAINT-HILAIRE-DE-RIEZ;5;85270
BETTON BETTONET;1;73390
LE PELLERIN;2;44640
VEIGNE;1;37250
SANNERVILLE;1;14940
NORROY-LE-VENEUR;2;57140
LES CABANES DE FLEURY;1;11560
MONTOUSSIN;1;31430
ONDRES;2;40440
PLOMBIERES-LES-DIJON;1;21370
ROGNAC;3;13340
AHUILLE;1;53940
NORRENT-FONTES;1;62120
GUERQUESALLES;1;61120
MAIZIERES-LES-METZ;3;57280
BERRE-L'ETANG;2;13130
SAINT-PAULET-DE-CAISSON;1;30130
JOUGNE;1;25370
LIEUREY;1;27560
CARPENTRAS;6;84200
GUEGON;1;56120
TRILPORT;5;77470
WALTENHEIM-SUR-ZORN;1;67670
HYERES;7;83400
GUIPAVAS;1;29490
BEAUZELLE;1;31700
SAINT-PIERRE-QUIBERON;3;56510
LANGUIDIC;1;56440
MONTENDRE;2;17130
PERRIERS-SUR-ANDELLE;1;27910
ARBANATS;1;33640
MOMMENHEIM;1;67670
SAINT-DIE-DES-VOSGES;1;88100
SAINT-QUENTIN;8;02100
AUGY;1;89290
SERIGNAN;3;34410
BRIARE;1;45250
PICHANGES;1;21120
HOLNON;1;02760
PREMIAN;1;34390
LE BAN-SAINT-MARTIN;1;57050
CHATEAU-THIERRY;3;02400
BRÉTIGNY-SUR-ORGE;2;91220
SAINT-PIERRE-MONTLIMART;2;49110
VARENNES-CHANGY;1;45290
SALENCY;1;60400
MIOS;4;33380
AFFRINGUES;1;62380
THENAC;1;17460
BEAUMONT-DE-LOMAGNE;2;82500
BELLEVILLE;2;69220
CHASSIEU;6;69680
NÉOULES;1;83136
SAUSHEIM;1;68390
VILLEJUIF;3;94800
GATHEMO;1;50150
TINQUEUX;1;51430
VILLECRESNES;2;94440
CHANTONNAY;2;85110
MONTAGNOLE;1;73000
ARES;1;33740
ROUSSET;2;13790
MERVILLE-FRANCEVILLE-PLAGE;2;14810
CAHORS;4;46000
LAUSSONNE;1;43150
LA CHAPELLE-MONTHODON;1;02330
THOUARS;2;79100
CARQUEIRANNE;1;83320
LE LION-D'ANGERS;1;49220
LE BLANC-MESNIL;1;93150
BEAUMONT;4;63110
SAVIGNY-LE-TEMPLE;6;77176
SAINTE-FOY-DE-PEYROLIERES;1;31470
MERCEUIL;1;21190
TOUQUES;1;14800
SULNIAC;1;29120
LASSY;1;35580
CUGES-LES-PINS;1;13780
ESBARRES;3;21170
LANGON;1;33210
VAIRES-SUR-MARNE;3;77360
ITEUIL;2;86240
WIMEREUX;3;62930
PONT-DE-VAUX;1;01190
AIRE-SUR-LA-LYS;1;62120
PLAIMPIED-GIVAUDINS;1;18340
MERS-LES-BAINS;1;76470
CESSY;3;01170
FONTAINE-LES-DIJON;3;21121
SAVERES;1;31370
BOURGOGNE;1;58430
THOIRY;5;01710
VIOLAINES;1;62138
ROQUEBRUNE-CAP-MARTIN;3;06190
MARCQ-EN-BARÅ“UL;1;59700
ALLIBAUDIÈRES;1;10700
LA ROCHE-MAURICE;1;29800
FONTENAY-MAUVOISIN;1;78200
PIERRELAYE;3;95480
MARETZ;1;59238
AUBY;1;59950
TREBRIVAN;1;22340
MOUSTEY;1;40410
VIRY CHATILLON;1;91170
LAVERSINES;2;60510
ANOR;1;59186
SAINT-LAURENT-BLANGY;1;62223
ALBIGNY-SUR-SAONE;1;69250
EXCIDEUIL;2;24160
GRANDRÛ;1;60400
ROCBARON;2;83136
BUSSY-EN-OTHE;1;89400
NOIDANS-LES-VESOUL;1;70000
LA LONDE-LES-MAURES;2;83250
RUE JEAN JAURÈS;1;00000
VRON;2;80120
PEYPIN;3;13124
MENNECY;1;91540
SEILLONS-SOURCE-D'ARGENT;1;83470
ERGUÉ-GABÉRIC;1;29500
EPINAL;4;88000
VALREAS;2;84600
VILLEPREUX;2;78450
THANN;3;68800
SAINT-ETIENNE-AU-MONT;2;62360
LE PLESSIS-BELLEVILLE;1;60330
MOUZAY;1;55700
SARRALTROFF;1;57400
LA FARE-LES-OLIVIERS;1;13580
CHARVONNEX;1;74370
BARLIN;2;62620
SEDAN;2;08200
QUINT-FONSEGRIVES;1;31130
SARTHE;1;72130
GERMIGNY-L'EXEMPT;1;00000
HENNEBONT;3;56700
PORT-LA-NOUVELLE;1;11210
SAINT-TROPEZ;7;83990
SAINT-JEAN-DE-NIOST;1;01800
GRETZ-ARMAINVILLIERS;1;77220
BONO;1;56400
BELLEAU;1;02400
LA BASTIDE-DES-JOURDANS;1;84240
NEAUPHLE-LE-CHATEAU;2;78640
CHAMPAGNE-AU-MONT-D'OR;1;69410
CHATILLON;2;92320
LE VAL-SAINT-PERE;1;50300
PUJAUT;1;30131
CUDOT;1;89116
ETREMBIERES;1;74100
SERRES-CASTET;3;64121
TIGY;1;45510
ORNEX;7;01210
PEZENAS;1;34120
PORT LEUCATE;1;11370
LA CHAPELLE-BASSE-MER;2;44450
SAINT-LÔ;1;50000
MONTREUIL-SUR-ILLE;2;35440
PONT-L'ABBE;2;29120
AUBENAS;1;07200
BOURG-LES-VALENCE;1;26500
MIGENNES;1;89400
HABERE-POCHE;1;74140
CESSON-SEVIGNE;4;35510
SAINT-MARTIN-DE-BOSCHERVILLE;1;76840
NEAUPHLE-LE-CHÂTEAU;1;78640
LILLERS;1;62190
SAINT JEAN DE VEDAS;1;34000
SATHONAY-CAMP;1;69580
COMBRIT;1;29120
BATZ-SUR-MER;2;44740
LES MUREAUX;5;78130
THOUARÉ-SUR-LOIRE;1;44470
VILLENEUVE-LOUBET;3;06270
ROQUEMAURE;1;30150
FIGEAC;3;46100
SAINT-MICHEL-DE-RIEUFRET  ;1;33720
BRIIS-SOUS-FORGES;1;91640
MOUSCRON;2;07711
MESSAC;1;35480
GRANDFONTAINE;1;67130
CRECY-EN-PONTHIEU;1;80150
FORT-MAHON-PLAGE;2;80790
CRAN-GEVRIER;3;74960
PREUX-AU-BOIS;1;59288
ARGENTAN;4;61200
BEAUFAY;1;72110
SAINT-AMAND-LES-EAUX;2;59230
LA MACHINE;1;58260
BITSCHWILLER-LES-THANN;1;68620
VIERZON;8;18100
SAINT-PARRES-AUX-TERTRES;1;10410
MOUGON;1;79370
LE BEAUSSET;7;83330
SAINT-AUGUSTIN;1;17570
MARLY-LE-ROI;2;78160
GOUVIEUX;3;60270
PORT-EN-BESSIN-HUPPAIN;2;14520
NANDY;1;77176
MILLAU;5;12100
LES SORINIERES;2;44840
BERRY-BOUY;1;18500
ROIFFIEUX;2;07100
BLIGNY-LES-BEAUNE;1;21200
PRINGY;1;74370
LES NOES-PRES-TROYES;1;10420
VERONNES;1;21260
BIHOREL;2;76420
LE POULIGUEN;3;44510
GIGEAN;3;34770
LE VÉSINET;2;78110
MARENNES;1;17320
SAINT-LAURENT-D'AGNY;1;69440
AUCHY-LES-HESDIN;1;62770
ARQUES-LA-BATAILLE;1;76880
CASTELSAGRAT;1;82400
BAR-LE-DUC;3;55000
DOUVAINE;5;74140
PEYNIER;1;13790
MAREIL-SUR-LOIR;2;72200
BOIS-GUILLAUME;2;76230
BOIS-D'ARCY;2;78390
GAILLEFONTAINE;1;76870
LESIGNY;1;77150
ETAIN;2;55400
MONCEAUX-EN-BESSIN;1;14400
LARRESSORE;1;64480
MONTMORENCY;3;95160
VIGNOC;1;35630
VILLENEUVE-LA-GARENNE;2;92390
SAINT-ETIENNE-DU-ROUVRAY;2;76800
CHÂTEAUNEUF-GRASSE;2;06740
NEUFCHATEL-HARDELOT;4;62152
JOIGNY;3;89300
VIGOULET-AUZIL;1;31320
SAINT-SATURNIN-LÈS-APT;1;84490
SCIEZ;2;74140
MARIGNIER;3;74970
ERQUINGHEM-LYS;1;59193
BOSSEY;3;74160
SAILLY-LEZ-LANNOY;1;59390
IMPHY;2;58160
GÉMENOS;1;13420
VERRIERES-LE-BUISSON;2;91370
ALLIGNY-COSNE;1;58200
VILLENEUVE-DE-MARC;4;38440
OLORON-SAINTE-MARIE;3;64400
SAINT-GÉNIES-DE-MALGOIRÈS;1;30190
DRAVEIL;1;91210
OYE-PLAGE;2;62215
ORGEVAL;3;78630
BEAULIEU-SUR-MER;1;06310
DÉCINES-CHARPIEU;1;69150
METEREN;1;59270
ROCHEFORT-DU-GARD;4;30650
ALLONZIER-LA-CAILLE;2;74350
VILLIERS-SOUS-GREZ;1;77760
RIVE-DE-GIER;1;42800
LA ROCHE-SUR-FORON;3;74800
SOREL-MOUSSEL;1;28260
LE BOURG-D'OISANS;1;38520
MARESCHE;1;72170
VRED;1;59870
VILLAZ;1;74370
NEUVILLE SUR SAONE ;1;69250
BAS-RHIN;1;67190
POMY;1;11300
PERIGNAT  LES SALIEVE;2;63170
SAINT-COLOMBAN;1;44310
PLELAN-LE-GRAND;1;35380
MONTIVILLIERS;4;76290
VAUX-LE-PENIL;1;77000
SOUFFELWEYERSHEIM;1;67460
RETHEL;1;08300
SEYSSES;1;31600
LOIRE-ATLANTIQUE;3;44650
SAINT VICTOR DE BUTHON;1;28240
AMFREVILLE-LA-CAMPAGNE;1;27370
LEZIGNAN-CORBIERES;1;11200
BOUSSAC-BOURG;1;23600
DEMOUVILLE;1;14840
CAUDEBEC-EN-CAUX;1;76490
THONEX;1;01226
BOULAZAC;1;24750
JONAGE;1;69330
FOLSCHVILLER;1;57730
RECY;1;51520
SAINT-PALAIS;1;64120
LAXOU;2;54520
SAINT-FLORIS;1;62350
BOIS-LE-ROI;1;77590
PIERREVERT;1;04860
FLAYOSC;1;83780
CHALETTE-SUR-LOING;4;45120
COLOMBIERS;1;34440
OMPS;1;15290
L'EPINE;1;85680
CHATEAUBOURG;2;35220
HYÈRES;5;83400
LE PIAN-MEDOC;2;33290
TEMPLEMARS;1;59175
ROBERT-ESPAGNE;1;55000
CHARENTAY;1;69220
SAVIGNY-EN-VERON;1;37420
COUERON;2;44220
POLIGNY;1;39800
FRANCONVILLE;4;95130
CHAPONNAY;2;69970
GRISOLLES;3;82170
SAINTE-SAVINE;1;10300
CONDE-SUR-SARTHE;1;61250
CHATEAU L EVEQUE;1;24460
LA COURNEUVE;2;93120
CHAILLÉ-LES-MARAIS;1;85450
SAVERNE;3;67700
PLOEMEUR;3;56270
SAINT-PARDOUX;1;79310
LESQUIELLES-SAINT-GERMAIN;1;02120
SAINT-JEAN-DE-VEDAS;6;34430
MONT-SAINT-AIGNAN;5;76130
CESSON;2;77240
LE VAUDREUIL;1;27100
SAINT-GEORGES-SUR-CHER;1;41400
CAULNES;1;22350
PUGET;1;84360
VILLERS-BRETONNEUX;1;80380
CHAZAY-D'AZERGUES;2;69380
JAILLON;1;54200
NYONS;2;26110
RUELISHEIM;1;68270
COADOUT;1;22970
LES LILAS;3;93260
AUXONNE;2;21130
CIRES-LÈS-MELLO;1;60660
PUGET-SUR-ARGENS;2;83480
SERVIAN;1;34290
VULBENS;1;74520
COUTRAS;3;33230
ORBEY;1;68370
PONT-A-MOUSSON;1;54700
MONTELIMAR;9;26200
VILLENEUVE LA GUYARD;1;89340
BEAUMONT-LÈS-VALENCE;1;26760
CHAMPAGNE-ARDENNE;1;10000
PLOBANNALEC-LESCONIL;1;29740
FAVEROLLES SUR CHER;1;41400
CABOURG;3;14390
SAINT-MANDE;2;94160
LANGOËLAN;1;56160
LA FERTE-MILON;1;02460
PERNES-LES-FONTAINES;2;84210
LA BAULE-ESCOUBLAC;5;44500
LA BANQUE À GENÊTS;1;20215
OULLINS;3;69600
NOMAIN;1;59310
APACH;1;57480
CHEVENON;1;58160
BASSE-NORMANDIE;1;14600
CORCONNE;1;30260
PAYS DE LA LOIRE;1;44150
IFFENDIC;2;35750
ALTKIRCH;4;68130
MOUSSY-LE-NEUF;2;77230
TREGUEUX;1;22950
SAINT-SULPICE-LE-VERDON;1;85260
MAIZIÈRES-LÈS-METZ;1;57280
FRESNES-SUR-ESCAUT;1;59970
LIMOURS;1;91470
CUSSEY-SUR-L'OGNON;1;25870
LESQUIN;2;59810
BRUYERES-LE-CHATEL;2;91680
AIGUES-MORTES;1;30220
ROUVROY;1;62320
BEAUCOURT;4;90500
TRIGNAC;1;44570
LA COUARDE-SUR-MER;1;17670
SAINTE-FOY-LA-GRANDE;1;33220
MOIRANS-EN-MONTAGNE;1;39260
CALUIRE-ET-CUIRE;5;69300
MEUDON;1;92190
THIERS;1;63300
NAZELLES-NÉGRON;1;37530
VAUCLUSE;1;84310
LUTTERBACH;1;68460
SAINT-PÉRAY;1;07130
MORDELLES;1;35310
SAINT-GEORGES-SUR-BAULCHE;1;89000
SAINT-JORY;1;31790
SAINT-FONS;5;69190
LAHAGE;1;31370
LE FOLGOET;1;29260
LE SOURN;1;56300
NEYDENS;1;74160
ROQUEVAIRE;2;13360
CHAMALIÈRES;1;63400
VOIE MAGELLAN;1;00000
MONTIGNY-LÈS-METZ;1;57950
CHATELLERAULT;3;86100
SAINT-LUPICIN;1;39170
UPIE;1;26120
CADEROUSSE;1;84860
ALLASSAC;1;19240
VAY;1;44170
VARENNES-JARCY;1;91480
PERTUIS;4;84120
MULSANNE;1;72230
WAILLY-BEAUCAMP;1;62170
LA CHAPELLE-BLANCHE;1;73110
SAVIGNY-SUR-ORGE;5;91600
COLOMBES;9;92700
CRUSEILLES;2;74350
GONTAUD-DE-NOGARET;1;47400
BONNEUIL-SUR-MARNE;1;94380
BERCHERES-SUR-VESGRE;1;28260
COYE-LA-FORET;1;60580
PORT-VENDRES;4;66660
BARZAN;1;17120
DOULLENS;1;80600
ISNEAUVILLE;1;76230
CHAMPAGNE-SUR-OISE;1;95660
LANGEAC;1;43300
VERMELLES;1;62980
FOURQUEUX;2;78112
MOURENX;3;64150
THIAIS;3;94320
CORMEILLES-EN-PARISIS;4;95370
PORT-SUR-SAONE;1;70170
CLAMART;5;92140
LIMEIL-BREVANNES;2;94450
SIMIANE-COLLONGUE;2;13109
REVENTIN-VAUGRIS;1;38121
AUXERRE;4;89000
MEZE;1;34140
TOULON-SUR-ARROUX;1;71320
SAINT-MARTIN-DE-SEIGNANX;1;40390
FRANCE;1;42310
CHEVAL-BLANC;1;84460
WARCQ;1;08000
STEENWERCK;2;59181
MONS;1;31280
VALRAS-PLAGE;2;34350
GREOUX-LES-BAINS;2;04800
MONTLUEL;2;01120
CORBIE;3;80800
SAINT-GERMAIN-CHASSENAY;1;58300
BOISSE;1;24560
SAINT-FARGEAU-PONTHIERRY;1;77310
MOUSSEAUX-SUR-SEINE;1;78270
SEPTEMES-LES-VALLONS;2;13240
BOISSY-LE-CHATEL;1;77169
ÉRAGNY;1;95610
ARCUEIL;3;94110
LYAUD;2;74200
NANTEUIL-LES-MEAUX;1;77100
GENAY;1;69730
PORTES-LÈS-VALENCE;3;26800
SAINT-ETIENNE-DE-TULMONT;1;82410
ANDRESY;1;78570
MONTAUD;1;34160
JOEUF;1;54240
SAINTE-ADRESSE;1;76310
DOUARNENEZ;3;29100
GRAVELINES;1;59820
GRAND-CHAMP;1;44119
HUEST;1;27930
SAINT-ANDRE-LEZ-LILLE;1;59350
BONCHAMP-LES-LAVAL;1;53960
SAINT-JEAN-DE-LA-PORTE;1;73250
CHALON-SUR-SAONE;4;71100
HAILLICOURT;2;62940
SECLIN;3;59113
LA CHAPELLE-SUR-ERDRE;1;44240
URRUGNE;1;64122
LA MOTTE;2;83920
SAGY;1;95450
LERY;1;27100
GUETHARY;2;64210
VAL-DE-REUIL;3;27100
SCHARRACHBERGHEIM-IRMSTETT;1;67310
LE CONQUET;1;29217
KNUTANGE;1;57240
SAINT-ANDRE-DE-CORCY;1;01390
TOUET-SUR-VAR;1;06710
LA CELLE-CONDE;1;18160
SEVRES;1;92310
AIRVAULT;1;79600
CEZY;1;89410
ROEULX;1;59172
LATTES;6;34970
BONDY;4;93140
MEZERIAT;1;01660
CAUDIES-DE-FENOUILLEDES;1;66220
SAINT-GAULTIER;1;36800
LE CROISIC;4;44490
CHATEAUDUN;1;28200
CREYSSE;1;24520
ARGANCY;1;57640
AUTUN;1;71400
VOLVIC;1;63530
SAINT-OUEN-L'AUMONE;1;95310
LE PORT-MARLY;2;78560
MAILLANE;1;13910
MONTELEGER;1;26760
SAINT-LOUP-DES-VIGNES;1;45340
PUGET-VILLE;1;83390
MERKWILLER-PECHELBRONN;1;67250
MORSANG-SUR-ORGE;2;91390
GRAVESON;1;13690
AIGUEBLANCHE;1;73260
PODENSAC;1;33720
BIAS;1;40170
ÉPINAY-SUR-SEINE;2;93800
LA FÈRE;1;02800
MOYEUVRE-GRANDE;7;57250
VERT-LE-GRAND;1;91810
LE PONT-DE-CLAIX;2;38800
MARANGE-SILVANGE;1;57535
SAVIGNY-SUR-BRAYE;1;41360
FLAVY-LE-MARTEL;1;02520
BALAN;1;08200
BIDART;6;64210
SIGNES;1;83870
ROQUEFORT-SUR-GARONNE;1;31360
SALON DE PROVENCE;1;13300
PACY-SUR-EURE;1;27120
CUINCY;3;59553
SAINT-GALMIER;3;42330
PONTCHARRA;2;38530
FONTENAY-AUX-ROSES;3;92260
FEGERSHEIM;1;67640
TONNEVILLE;1;50460
GIVORS;2;69700
DRUSENHEIM;2;67410
MASEVAUX;1;68290
LYS-LEZ-LANNOY;3;59390
LE HAILLAN;3;33185
ROMILLY-SUR-AIGRE;1;29400
REMOULINS;1;30210
LA COUTURE;1;62136
ALBERTVILLE;4;73200
CLUNY;2;71250
ARC-SUR-TILLE;1;21560
GIGNAC;2;34150
SAINT-JULIEN;1;39320
CORBREUSE;1;91410
COURNON-D'AUVERGNE;3;63800
REMIREMONT;1;88200
LESSAY;1;50430
LA CELLE-LES-BORDES;2;78720
SARREGUEMINES;2;57200
LE BOURGET-DU-LAC;1;73370
BONNEVILLE LA LOUVET;1;14130
PARAY-VIEILLE-POSTE;1;91550
SAINT-HIPPOLYTE;3;66510
DAINVILLE;1;62000
CONNANTRE;1;51230
NOTRE-DAME-DE-BONDEVILLE;2;76960
SEIGNOSSE;2;40510
SEVRIER;1;74320
BAILLET-EN-FRANCE;1;95560
CONDÉ-SAINTE-LIBIAIRE;1;77450
SOUFFLENHEIM;2;67620
QUEVEN;4;56530
BAGNOLS-SUR-CEZE;1;30200
LAVENTIE;2;62840
SAINT-EUSEBE;1;71210
EAUBONNE;3;95600
AIX EN PROVENCE;2;13540
BONDUES;3;59910
COMMERCY;3;55200
COURTHEZON;1;84350
SAINT-JEAN-DE-LUZ;3;64500
MAICHE;1;25120
MONTCLAR-SUR-GERVANNE;1;26400
SURBOURG;1;67250
GAMBAIS;1;78950
NEYRON;1;01700
FONTENAY-LE-COMTE;1;85200
BEHONNE;1;55000
EGUILLES;1;13510
DERVAL;1;44590
LES GRANGES-LE-ROI;1;91410
LES ULIS;5;91940
MERPINS;1;16100
SAINT THUAL;1;35190
SALLANCHES;1;74700
ARENTHON;2;74800
SAINT-SEURIN-DE-CURSAC;1;33390
MANDRES-LES-ROSES;2;94520
CASTRIES;2;34160
LA QUEUE-LEZ-YVELINES;2;78940
SAINT-LAURENT-DE-MURE;1;69720
BALANOD;1;39160
OLIVET;3;45160
CAUDEBEC-LES-ELBEUF;2;76320
SARRALBE;1;57430
PORTET-SUR-GARONNE;2;31120
SUCÉ-SUR-ERDRE;2;44240
BESSE-SUR-ISSOLE;2;83890
ANNET-SUR-MARNE;1;77410
HORBOURG-WIHR;2;68180
LE CREUSOT;2;71200
SAINT-SÉBASTIEN-SUR-LOIRE;1;44230
SAINT-ALBAN-LEYSSE;1;73230
LE RAINCY;2;93340
LE MESNIL-AU-VAL;1;50110
BULLY;3;69210
CREMIEU;1;38460
SAINT-VALERY-EN-CAUX;1;76460
PORCHEVILLE;1;78440
FAUMONT;1;59310
BOISSIERES;1;30114
PETIT-REDERCHING;1;57410
MONTREUIL-BELLAY;2;49260
POMPONNE;1;77400
SAINT-CHRISTOPHE-DU-BOIS;1;49280
SAINT-CYR-SUR-LE-RHONE;1;69560
AMBOISE;2;37400
LA BASSEE;1;59480
ARGELES-SUR-MER;4;66700
LA CROIX-SAINT-OUEN;1;60610
LE VESINET;2;78110
AMBERIEU-EN-BUGEY;1;01500
VILLERS-LE-LAC;4;25130
CONDÉ-SUR-NOIREAU;1;14110
HOUILLES;4;78800
DARNETAL;1;76160
CLEDER;1;29233
LE TREPORT;3;76470
JOSNES;1;41370
REDANGE;1;57390
HIRSINGUE;2;68560
PORTIRAGNES;1;34420
PLUMELIN;2;56500
BEAUNE;2;21200
CASTELNAU-LE-LEZ;5;34170
LE PORTEL;2;62480
MARTIGNE-SUR-MAYENNE;1;53470
POUILLY-EN-AUXOIS;1;21320
LA LONGUEVILLE;1;59570
CHAMBOLLE-MUSIGNY;1;21220
OUSSE;1;64320
CESTAS;3;33610
MONTENOIS;1;25260
ERRE;1;59171
WALINCOURT-SELVIGNY;1;59127
ESTAIRES;2;59940
PONT-DE-L'ARCHE;2;27340
VITTEFLEUR;1;76450
NEUILLY-SUR-MARNE;1;93330
MONTROND-LES-BAINS;3;42210
BLAYE-LES-MINES;1;81400
MONTIGNY-EN-GOHELLE;1;62640
ESPINASSES;1;05190
LAMORLAYE;2;60260
TRONVILLE-EN-BARROIS;1;54800
THENON;1;24210
AURIOL;1;13390
PARMAIN;3;95620
VILLEJUST;1;91140
DOUVRIN;1;62138
SAINT-MAURICE-DE-BEYNOST;1;01700
MONTMOROT;1;39570
THORIGNY-SUR-MARNE;3;77400
PEYRUIS;1;04310
MONTBÉLIARD;1;25200
LES PAVILLONS-SOUS-BOIS;2;93320
MONDEVILLE;1;14120
FELDKIRCH;1;68540
VANDŒUVRE-LÈS-NANCY;1;54500
PETITE-FORET;1;59494
AUDUN-LE-ROMAN;1;54560
ROLLANCOURT;1;62770
ALLAINES;1;80200
PÉROY-LES-GOMBRIES;1;60440
PARENCAY;1;17330
FLIXECOURT;1;80420
GEISPOLSHEIM;2;67118
LYON-5E-ARRONDISSEMENT;1;69005
LYON-9E-ARRONDISSEMENT;1;69009
TARNOS;3;40220
VALLEIRY;2;74520
IVRY-SUR-SEINE;7;94200
INGRANDES;3;86220
SAINT-JULIEN-DE-CONCELLES;4;44450
CHÂTEAU-RENAULT;1;37110
FONTAINEBLEAU;2;77300
PLOUAY;2;56240
VILLIERS-LE-BACLE;2;91190
PUY-GUILLAUME;1;63290
BRUAY-SUR-L'ESCAUT;1;59860
FLEURBAIX;1;62840
EYRAGUES;1;13630
SAINT-GEOIRE-EN-VALDAINE;2;38620
SAINT-BREVIN-LES-PINS;4;44250
PALAISEAU;5;91120
YVETOT;2;76190
COURTENAY;1;38510
CADENET;1;84160
L'ETRAT;1;42580
SAINT-CREPIN-IBOUVILLERS;1;60149
BEAUREPAIRE;1;38270
SAINT-GRATIEN;2;95210
ARGONAY;3;74370
LA TOUR-EN-JAREZ;1;42580
GALLUIS;1;78490
AILLY-SUR-NOYE;1;80250
FAVERGES;2;74210
TIGNIEU-JAMEYZIEU;2;38230
LE FRESNAY ;1;35111
MANIGOD;1;74230
COEX;1;85220
SATOLAS-ET-BONCE;1;38290
CHAUMONTEL;1;95270
CREPY-EN-VALOIS;2;60800
ÃŽLE-DE-FRANCE;1;78200
SAINT-JACQUES-DE-LA-LANDE;2;35136
ASNIERES-SUR-SEINE;2;92600
YVELINES;1;78200
OUTARVILLE;1;45480
GOULT;1;84220
PLOUMAGOAR;2;22970
ANZIN;2;59410
CARBON-BLANC;2;33560
CHAMPS-SUR-YONNE;1;89290
VINEUIL-SAINT-FIRMIN;1;60500
ALBERT;1;80300
LUZECH;1;46140
CLEGUEREC;1;56480
CHEVANCEAUX;1;17210
FOIX;2;09000
SAÔNE;1;25660
VILLIERS-LE-BEL;1;95400
FONTAINES-SAINT-MARTIN;1;69270
ARC-LES-GRAY;1;70100
TALMONT-SAINT-HILAIRE;2;85440
AVION;1;62210
THILLOIS;1;51370
BEGLES;5;33130
CHINON;5;37500
LE PERREON;2;69460
BRETTEVILLE-L'ORGUEILLEUSE;1;14740
AULNAT;1;11140
FROUARD;2;54390
BOEGE;1;74420
SELESTAT;7;67600
GROSLAY;1;95410
MALAUCENE;1;84340
MENTHON-SAINT-BERNARD;1;74290
MÉRU;1;60110
LHERM;1;30300
DONGES;2;44480
TORCY;3;71210
BIGANOS;3;33380
CHARMES SUR RHONE;1;07800
AUSSONNE;1;31840
DOUCHY-LES-MINES;1;59282
SAINT-CHAMAS;1;13250
DOUSSARD;2;74210
ARS-SUR-MOSELLE;1;57130
BALLAN-MIRE;1;37510
LA TOUR-D'AIGUES;1;84240
CONTREXEVILLE;1;88140
SAINT-JEAN;1;31240
PLANAISE;1;73800
SAINT-BONNET-AVALOUZE;1;19150
CASTELS;1;24220
CUISEAUX;1;71480
LUDON-MEDOC;1;33290
SARTROUVILLE;4;78500
MAINVILLIERS;1;28300
TRIE-CHATEAU;1;60590
MOUXY;1;73100
WEYERSHEIM;1;67720
GENAS;3;69740
FRESNICOURT-LE-DOLMEN;1;62150
SAINT-HILAIRE-DE-LOULAY;1;85600
SAINT-GENEST-LERPT;1;42530
LA TOUR-DU-PIN;1;38110
CHATEAU-RENAULT;2;37110
MONTIGNY-EN-OSTREVENT;1;59182
MANSLE;1;16230
SAINT-JEAN-BONNEFONDS;1;42650
HÉRICY;1;77850
FABREGUES;1;34690
CAP-D'AIL;3;06320
HILSENHEIM;1;67600
VENTENAC-EN-MINERVOIS;1;11120
SAINT-AUBIN-SUR-GAILLON;1;27600
TULLE;1;19000
KEMBS;1;68680
LA MOTTE-SERVOLEX;3;73290
SAINT-GILDAS-DE-RHUYS;1;56730
RIOZ;1;70190
LE MESNIL-SAINT-DENIS;1;78320
INGRE;1;45140
ALBENS;1;73410
SAINT-SATURNIN;1;72650
POMMIERS;1;69480
MATRINGHEM;1;62310
CHATELAUDREN;1;22170
VENETTE;2;60280
DROUE-SUR-DROUETTE;1;28230
FROZES;1;86190
LOCMARIA-PLOUZANE;2;29280
MACON;3;71000
BARNAVE;2;26310
QUIBERON;2;56170
LUCE;2;28110
ROSULT;1;59230
AISNE;1;02200
GRANDVILLARS;1;90600
FERRETTE;1;68480
FONTAINE-LE-COMTE;2;86240
VILLELAURE;1;84530
MILLAS;1;66170
RIVES;1;38140
ÉTAPLES;1;62630
MURVIEL-LES-BEZIERS;1;34490
SAINT-PEE-SUR-NIVELLE;2;64310
ACIGNÉ;1;35690
PRÉMANON;1;39220
ECKBOLSHEIM;1;67201
SAINT-GAUDENS;1;31800
CAMARET-SUR-AIGUES;1;59310
SAINT-PHILIBERT;1;56470
DOMPREL;1;25510
AUDINCTHUN;1;62560
VAUGNERAY;1;69670
MONTEREAU-FAULT-YONNE;1;77130
ACIGNE;2;35690
TREGASTEL;2;22730
WIGNEHIES;1;59212
BOURDALAT;1;40190
GASNY;1;27620
PONT-L'EVEQUE;1;14130
LOUDUN;1;86200
SAINT-DIDIER-AU-MONT-D'OR;1;69370
TRESSERVE;1;73100
LE PEGUE;1;26770
CUBLAC;1;19520
NISSAN-LEZ-ENSERUNE;1;34440
ALENYA;1;66200
MAGALAS;1;34480
RANTZWILLER;1;68510
LA FORGE;1;88530
AMOU;1;40330
MERY;1;73420
LAMANON;2;13113
CHÂTEAU-LANDON;1;77570
CHAPONOST;3;69630
COUDEKERQUE-BRANCHE;1;59210
GORDES;1;84220
LESPIGNAN;1;34710
DIVION;1;62460
OLONNE-SUR-MER;3;61250
INDRE-ET-LOIRE;1;37000
LISSAC-SUR-COUZE;1;19600
GENTE;1;16130
CERGY-PONTOISE;1;95000
SARZEAU;3;56370
VILLERS-SUR-MER;1;14640
SAINT-JEAN-DE-BEUGNE;1;85210
LANDE;1;07110
LA CAMBE;1;14230
AIGNES;1;31550
PARCEY;1;39100
ITTEVILLE;1;91760
TROUVILLE-SUR-MER;3;14360
BLOSSEVILLE;1;76460
ARNAC-POMPADOUR;1;19230
CAVALAIRE-SUR-MER;3;83240
RAMATUELLE;1;83350
SAINT-JUERY;1;81160
POUZAUGES;1;85700
SOLESMES;1;59730
LA PALMYRE;1;17570
MAUSSANE-LES-ALPILLES;2;13520
EYBENS;1;38320
HAUTE-GOULAINE;2;44115
FRANCOIS;1;79260
NIEDERHASLACH;1;67280
NOGENT-LE-ROI;2;28210
LA BAUSSAINE;1;35190
PONT-DE-BUIS-LES-QUIMERCH;1;29590
LE TRAIT;2;76580
MARBACHE;1;54820
MARLES-EN-BRIE;1;77610
RAMONVILLE-SAINT-AGNE;2;31520
RIVIÈRE;1;37500
FEYZIN;1;69320
THEIX;1;56450
SAULZAIS-LE-POTIER;1;18360
MAXSTADT;1;57660
PLOUVIEN;1;29860
MONTRABE;1;31850
MONTMERLE-SUR-SAÔNE;1;01090
CLERMONT-L'HERAULT;2;34800
BESANÇON;7;25000
PRIMEL-TRÉGASTEL;1;29630
VIDAUBAN;2;83550
MENETROL;2;63200
QUINEVILLE;1;50310
GORCY;1;54730
GEMEAUX;1;21120
SAULX-LES-CHARTREUX;1;91160
RUE JOSEPH CUGNOT;1;00000
GOURDON;1;46300
LANGRES;1;52200
PRÉVESSIN-MOËNS;2;01280
FRONTONAS;1;38290
SAINT-CHRISTOLY-MEDOC;1;33340
SEPTFONDS;2;82240
MONTFORT-L'AMAURY;1;78490
BONCOURT-SUR-MEUSE;1;55200
LÉVIGNAC;1;31530
SOREZE;1;81540
LANÇON-PROVENCE;1;13680
BOURG-SAINT-MAURICE;1;73700
CASTELJALOUX;1;47700
GUILHERAND-GRANGES;3;07500
MENESTREAU;1;45240
LUGRIN;2;74500
LAGNES;1;84800
HÉNIN-BEAUMONT;1;62110
LONGEVILLE-SUR-MER;2;85560
VILLIERS-SUR-MARNE;1;94350
ANIZY-LE-CHATEAU;1;02320
HOUPLINES;1;59116
ELANCOURT;1;78990
SERRE-LES-SAPINS;1;25770
SOORTS-HOSSEGOR;3;40150
BRIE-COMTE-ROBERT;3;77170
VEYNES;1;05400
BOISSEUIL;1;87220
SAVIGNY-SUR-CLAIRIS;1;89150
PLOUGUIN;1;29830
PAULX;1;44270
RIANTEC;1;56670
GRAVIGNY;2;27930
VENDIN-LE-VIEIL;3;62880
SOUAL;1;81580
GRABELS;1;34790
PRADES;2;66500
SAINT-ETIENNE-LES-REMIREMONT;1;88200
BOUILLARGUES;2;30230
SALLEBOEUF;1;33370
WILLEMS;1;59780
VIAS;2;34450
LA ROQUETTE-SUR-SIAGNE;1;06550
LA SELVE;1;12170
UZEL;1;22460
LAGNIEU;3;01150
EURE-ET-LOIR;1;28150
SIMANDRES;2;69360
BUC;3;78530
PEILLON;1;06440
SAINT-PIERRE-D'OLÉRON;1;17310
BERVILLE;1;76560
SAINT-JEAN-DE-LA-NEUVILLE;1;76210
ÉMANCÉ;1;78125
HAUTE-RIVOIRE;1;69610
MONTECH;1;82700
BLACE;1;69460
BENESSE-MAREMNE;2;40230
SAINT-PORCHAIRE;1;17250
TUCQUEGNIEUX;1;54640
RONCQ;1;59223
BARR;1;67140
MACHECOUL;1;44270
LE BOURGET;2;93350
JOUARRE;1;77640
SAINT-JEAN-DE-LIVERSAY;1;17170
AUCHY-LES-MINES;1;62138
LOUVIL;2;59830
LES AUTHIEUX-SUR-CALONNE;1;14130
RODEZ;5;12000
DALLET;1;63111
ALLONNES;2;72700
EVRY;2;91000
VILLIERS-CHARLEMAGNE;2;53170
LOUVECIENNES;1;78430
VOUJEAUCOURT;1;25420
EPERNON;2;28230
VERSAILLEUX;1;01330
LA VERPILLIERE;1;38290
PLOERMEL;1;56800
ECOUEN;2;95440
SAINT-GERMAIN-SUR-MOINE;1;49230
BELZ;2;56550
LANNEMEZAN;2;65300
VORGES-LES-PINS;1;25320
SAINT-VINCENT-LA-COMMANDERIE;1;26300
VIEILLE-EGLISE;1;62370
FORBACH;3;57600
PAS-DE-CALAIS;2;62580
BOISSY-SOUS-SAINT-YON;2;91790
VERNE;1;25110
DOMONT;3;95330
ANGERVILLE-LA-MARTEL;1;76540
CHEVILLY-LARUE;1;94550
SAINT-CYR-SUR-MENTHON;2;01380
JARNY;1;54800
CHATILLON-SUR-CHALARONNE;2;01400
BEAUMONT-LES-VALENCE;1;26760
CUGNY;1;02480
MAY-SUR-ORNE;1;14320
VILLENEUVE-TOLOSANE;4;31270
SAINT-CARADEC;1;22600
ESCALES;1;11200
MABLY;1;42300
MEYTHET;1;74960
CLARENSAC;1;30870
NANTEUIL-LE-HAUDOUIN;1;60440
TOUR-EN-SOLOGNE;1;41250
ROSIERES-EN-SANTERRE;1;80170
DONZERE;1;26290
LUCON;1;85400
MISSILLAC;1;44780
WISSEMBOURG;1;67160
CHATEL;2;74360
VILLENEUVE LECUSSAN;1;31580
RAYOL-CANADEL-SUR-MER;1;83820
MORAINVILLIERS;1;78630
VILLETTE-D'ANTHON;2;38280
SAINT-JEAN-DE-GONVILLE;1;01630
PONT-DE-CHERUY;1;38230
SOUSTONS;2;40140
CEPIE;1;11300
SAINT-GENIS-LAVAL;4;69230
LA JARRIE;1;17220
SEINE-SAINT-DENIS;1;93140
LE THOLONET;2;13100
LE LUC;1;83340
PORT-SAINTE-FOY-ET-PONCHAPT;1;33220
SOTTEVILLE-LES-ROUEN;3;76300
PORT-DE-BOUC;3;13110
CHATEAURENARD;1;13160
ROIFFÉ;1;86120
CASSEL;1;59670
SAILLY-LE-SEC;1;80340
MORET-SUR-LOING;1;77250
SAINT-OUEN LES DOCKS;2;93400
OLLIOULES;3;83190
SAINTE-JAMME-SUR-SARTHE;1;72380
PFASTATT;3;68120
LIVERDUN;1;54460
WORMHOUT;4;59470
ÎLE-DE-FRANCE;1;93600
SCIONZIER;1;74950
CUGAND;1;85610
VIZILLE;1;38220
DRACY-SAINT-LOUP;1;71400
VILLENEUVE-SAINT-GEORGES;5;94190
COMBLOUX;1;74920
ROQUEBRUNE-SUR-ARGENS;4;83520
SAINT-CANNAT;1;13760
LA VERDIERE;1;83560
SAINT-PATHUS;1;77178
SEICHAMPS;2;54280
ALERIA;1;20270
OTTERSWILLER;1;67700
FONSORBES;3;31470
LE PLESSIS-ROBINSON;2;92350
LE PUY-EN-VELAY;1;43000
BOURG-ARGENTAL;1;42220
GUICHAINVILLE;3;27930
SAINT-NIZIER-SOUS-CHARLIEU;1;42190
CASTILLON-DU-GARD;1;30210
GRAND-FORT-PHILIPPE;2;59153
THORIGNE-FOUILLARD;1;35235
HAUTOT-SUR-MER;1;76550
LUDRES;2;54710
VILLE-SOUS-LA-FERTE;1;10310
VITRY-LACHÉ;1;58420
QUINCAMPOIX;1;76230
KERNOUES;1;29260
MENS;1;38710
PERIGNY;1;17180
COULOISY;1;60350
BASSUSSARRY;1;64200
RUPT;1;52300
VERSONNEX;1;01210
PROVILLE;1;59267
BONREPOS-SUR-AUSSONNELLE;1;31470
SAINT-MARTIN-LE-VINOUX;1;38950
VIEUX-BOUCAU-LES-BAINS;1;40480
COUBLEVIE;1;38500
JUVISY-SUR-ORGE;2;91260
SAINT-LAURENT-DES-VIGNES;1;24100
LE PALAIS;1;56360
SERANVILLERS-FORENVILLE;1;59400
VALDOIE;2;90300
BAYON;1;54290
BOURBOURG;2;59630
CORME-ROYAL;1;17600
SEMUR-EN-AUXOIS;1;21140
DUCLAIR;1;76480
PELISSANNE;1;13330
COURTOIS-SUR-YONNE;1;89100
CIRES-LES-MELLO;1;60660
VAROIS-ET-CHAIGNOT;1;21490
LAGNY-SUR-MARNE;4;77400
TOURVES;1;83170
SAINT-JEAN-CAP-FERRAT;1;06230
CORCELLES-EN-BEAUJOLAIS;1;71120
SAINT-PAUL-ET-VALMALLE;1;34570
EPONE;1;78680
COLLÉGIEN;1;77090
BESSIERES;1;31660
BRECH;2;56400
GROSROUVRE;1;78490
CHANTELOUP-EN-BRIE;2;77600
SAINT-PARGOIRE;1;34230
HAULCHIN;1;59121
MONTADY;2;34310
GUIGNEN;1;35580
FERE-EN-TARDENOIS;1;02130
TRÉGUEUX;2;22950
BEYNES;2;78650
BOURDIC;1;30190
ALLEGRE-LES-FUMADES;1;30500
MONTIGNY-SUR-LOING;1;77690
THEIZE;1;69620
PLEYBER-CHRIST;1;29410
LES VANS;1;07140
PLEVIN;1;22340
DOL-DE-BRETAGNE;1;35120
ISSOIRE;2;63500
BARLIEU;1;18260
VILLEVIEUX;2;39140
MOISSAC;3;82200
BOMPAS;1;66430
NOISY-LE-ROI;2;78590
BUZY;1;64260
CHATEAUNEUF-DE-GADAGNE;1;84470
MORVILLE-EN-BEAUCE;1;45300
GENSAC;1;33890
LA FARLEDE;1;83210
MASSONGY;1;74140
LA CELLE-SAINT-CLOUD;2;78170
CHATEAU-ARNOUX-SAINT-AUBAN;1;04160
CAYEUX-SUR-MER;2;80410
TERNAY;1;69360
ECHENANS-SOUS-MONT-VAUDOIS;1;70400
CAVAGANAC;1;46110
BOUSSY-SAINT-ANTOINE;1;91800
ERBRAY;2;44110
WILLERWALD;1;57430
SAINT-EMILION;1;33330
SAINT-LÉGER-DE-MONTBRILLAIS;1;86120
L'UNION;1;31240
MESSAS;1;45190
ESTRABLIN;1;38780
ALLAUCH;4;13190
VILLARD;1;74420
REDON;1;35600
SAINT-LYPHARD;1;44410
ROGNONAS;1;13870
BÈGLES;4;33130
COUZON-AU-MONT-D'OR;1;69270
VIF;1;38450
LA TOUR-DE-SALVAGNY;1;69890
GARGES-LES-GONESSE;1;95140
CHAILLES;1;41120
MALAY-LE-GRAND;1;89100
ORAISON;1;04700
MONESTIER;1;24240
BERRIC;1;56230
ROISSY-EN-FRANCE;1;95700
SAINT-PIERRE-LA-PALUD;1;69210
VOURLES;3;69390
AVENUE DU MARÉCHAL FOCH;1;00000
LA CHAPELLE-MONTREUIL;1;86470
LUNÉVILLE;2;54300
QUINSAC;1;33360
SAINT-EGREVE;2;38120
FOUCHERANS;1;39100
APPRIEU;1;38140
ETABLES;1;07300
LOUVERSEY;1;27190
SAINT-MICHEL-CHEF-CHEF;2;44730
GONEZ;7;65350
HOULDIZY;1;08090
TEMPLEUVE;2;59242
KINGERSHEIM;3;68260
SAINTE-RADEGONDE;1;71320
GANGES;1;34190
UCHIZY;1;71700
SAINT-ETIENNE-LA-THILLAYE;1;14130
CLAPIERS;1;34830
SAINT-AGNAN;1;17620
BAGNOLS-EN-FORET;2;83600
OSTWALD;1;67540
VARAVILLE;2;14390
LINGOLSHEIM;4;67380
LIGNAN-SUR-ORB;1;34490
ENSUES-LA-REDONNE;1;13820
BONNEVILLE-LA-LOUVET;1;14130
PÉLISSANNE;2;13330
NOAILLES;1;60430
CHILLY-MAZARIN;2;91380
SALIGNEY;1;39350
VALLET;1;44330
FLEURY;1;11560
MONTLHERY;1;91310
AYSE;2;74130
CATTENOM;2;57570
PAIMPOL;1;22500
CHARLEVILLE-MEZIERES;2;08000
BARBENTANE;1;13570
BAZIEGE;1;31450
PLUHERLIN;1;56220
CALAIS;4;62100
CORQUILLEROY;1;45120
CREON;1;33670
ORCHAMPS-VENNES;1;25390
MONDONVILLE;2;31700
VERGT;1;24380
LA RIVIERE-SAINT-SAUVEUR;1;14600
BRIEY;2;54150
RIXHEIM;3;68170
ESQUELBECQ;1;59470
TIGNES;1;73320
BARATIER;1;05200
SAINT-GOR;2;40120
SAINT-RAPHAËL;3;83700
MERLIMONT;1;62155
NOGENT-SUR-SEINE;2;10400
BRANCHES;1;89113
LA TESSOUALLE;1;49280
CLERES;2;76690
MEUNG-SUR-LOIRE;3;45130
MORIGNY-CHAMPIGNY;1;91150
LANS-EN-VERCORS;1;38250
BRUYERES-SUR-OISE;1;95820
OPPEDE;1;84580
JOYEUSE;1;07260
SAINT-PALAIS-SUR-MER;2;17420
LA TALAUDIÈRE;1;42350
LANDAVRAN;2;35450
FRANCUEIL;1;37150
BRETTEVILLE-SUR-ODON;2;14760
TARASCON-SUR-ARIEGE;1;09400
GAILLÈRES;1;40090
RODEREN;1;68800
SAINTE-MARTHE;1;27190
LA CHAPELLE-LA-REINE;1;77760
SAINT-HILAIRE-COTTES;1;62232
LISLE-SUR-TARN;1;81310
ÉPINAL;4;88000
LUISANT;2;28600
MONESTIES;1;81640
LANGUEUX;2;22360
SAINT-JEAN-DE-VÉDAS;1;34430
LIVRY-SUR-SEINE;1;77000
LE TAILLAN-MEDOC;2;33320
LE PALLET;1;44330
MUTTERSHOLTZ;2;67600
SAINT-AVERTIN;1;37550
MARQUETTE-LEZ-LILLE;1;59520
VILLENEUVE-LES-BEZIERS;2;34420
AGNEAUX;1;50180
CAMIERS;1;62176
RUE DES SOURCES;1;00000
SILLANS;1;38590
LE KREMLIN-BICETRE;1;94270
SAINT-SAUVEUR;1;33250
CERET;1;66400
PIRIAC-SUR-MER;1;44420
BEAUZAC;1;43590
BERG-SUR-MOSELLE;1;57570
NIEPPE;5;59850
PLOUGASNOU;1;29630
LE CAPLANNE;1;33770
SAINTE-MARIE;1;66470
NUITS-SAINT-GEORGES;1;21700
BLENEAU;1;89220
VERNEUIL-EN-HALATTE;3;60550
MONTFERRAND;1;11320
MOYENVIC;1;57630
THIZY-LES-BOURGS;1;69240
LANGLADE;1;30980
VÉNISSIEUX;1;69200
LA VERRIERE;1;78320
CHAURAY;2;79180
GRANS;1;13450
MAREIL-SUR-MAULDRE;1;78124
ARMENTIÈRES;1;59280
PLESTAN;1;22640
IDRON;4;64320
PLOUDALMEZEAU;2;29830
CHATEAUNEUF-LES-MARTIGUES;2;13220
SORNAC;1;19290
ETAPLES;1;62630
PIGNAN;1;34570
CAPESTANG;1;34310
SAINT-RÉMY-L'HONORÉ;1;78690
VILLONS-LES-BUISSONS;1;14610
SAINT-BAUZILLE-DE-PUTOIS;1;34190
ASPREMONT;1;06790
MONTAIGU;1;85600
SAINT-CLAUDE;1;39200
NOMEXY;1;88440
CHALONS-EN-CHAMPAGNE;2;51000
SERAUCOURT-LE-GRAND;1;02790
SAINT-ANDRÉ-DE-CUBZAC;1;33240
LES BRULAIS;1;35330
LOUDÉAC;1;22600
FOURGES;1;27630
NEMOURS;1;77140
TARGON;1;33760
NORT-SUR-ERDRE;1;44390
LE SOLER;1;66270
SAINTE-EUPHEMIE;1;01600
NOTRE-DAME-DE-SANILHAC;2;24660
LA FERTE-SOUS-JOUARRE;1;77260
VILLERS-BOCAGE;1;14310
EPERNAY;1;51200
SAINT-CYR-L'ÉCOLE;1;78210
BELLERAY;1;55100
FAYENCE;1;83440
PLOUBAZLANEC;2;22620
MERVILLE;2;59660
SAINT-JEAN-DE-BOISEAU;1;44640
COULAINES;2;72190
ANSTAING;1;59152
HABERE-LULLIN;1;74420
MONT-SAINT-MARTIN;1;54350
BOURGUEIL;1;37140
VILLEVEYRAC;1;34560
BEAUCOUZE;1;49070
CHASSENEUIL-DU-POITOU;1;86360
SAINTE-CECILE-LES-VIGNES;1;84290
SEVERAC;1;44530
SAINT-LATTIER;1;38840
VESTRIC-ET-CANDIAC;1;30600
DECHY;1;59187
SAINT-JULIEN-EN-BORN;1;40170
DAX;3;40100
SAINT-ANDRE-SUR-ORNE;1;14320
MASSANGIS;1;89440
SAINTE-MARGUERITE-SUR-DUCLAIR;1;76480
SERRIS;1;77700
CREANCES;1;50710
MONTUSSAN;1;33450
CHILLEURS-AUX-BOIS;1;45170
SAINT-MONTAN;1;07220
CARRIERES-SOUS-POISSY;1;78955
NORD-PAS-DE-CALAIS;1;59300
CAP D'ANTIBES;1;06600
SAINT-BRES;1;34670
SOLLIÈS-VILLE;1;83210
BRUGUIÈRES;1;31150
TRELON;1;59132
SIROD;1;39300
LE MESNIL-LE-ROI;2;78600
MARNES-LA-COQUETTE;1;92430
LA LONDE;1;75004
CERNAY;2;68700
GERSTHEIM;1;67150
YONNE;1;89140
AYRENS;1;15150
LOZANNE;1;69380
LA CRAU;3;83260
CORMELLES-LE-ROYAL;3;14123
MOUVAUX;1;59200
FAVEROLLES-SUR-CHER;1;41400
CANLERS;1;62310
AUNEAU;1;28700
COETMIEUX;1;22400
CASTETS;1;40260
L'ARBRESLE;2;69210
LE TEIL;2;07400
MAGNANVILLE;1;78200
MARSAS;1;33620
MOUCHIN;1;59310
AUBIN-SAINT-VAAST;1;62140
CRAC'H;1;56950
LE PEAGE-DE-ROUSSILLON;1;38550
COTIGNAC;2;83570
ROISEL;1;80240
JONCHEREY;1;90100
SAINT-LAMBERT;1;78470
LA MEYZE;1;87800
BLODELSHEIM;1;68740
VILLENAUXE-LA-GRANDE;1;10370
SAINT GERVAIS;1;85230
CADAUJAC;1;33140
SAINT-FLORENT-SUR-CHER;1;18400
CHISSEY-SUR-LOUE;1;39380
PREVESSIN-MOENS;2;01280
BOISSISE-LE-ROI;1;77310
BOUC-BEL-AIR;1;13320
SAVENAY;1;44260
SAINT-JEAN-DE-MONTS;1;85160
BELBEUF;1;76240
TINCHEBRAY-BOCAGE;1;61800
MIALET;1;30140
ALLENNES-LES-MARAIS;2;59251
SAINT-LOUBES;2;33450
VERS;1;74160
SAINT-CERNIN-DE-LARCHE;1;19600
HESINGUE;1;68220
PLOUEDERN;1;29800
CONLIEGE;1;39570
FOURMIES;3;59610
BETHUNE;1;62400
VERT-SAINT-DENIS;1;77240
SAINT-GERVAIS;1;85230
BOULANCOURT;1;77760
FONTAINE-LA-GUYON;1;28190
LECELLES;1;59226
BEAUMONT-SUR-OISE;1;95260
VILLENEUVE-LA-RIVIERE;1;66610
MARCOUSSIS;1;91460
SEILLONS-SOURCE-D'ARGENS;1;83470
SAINT-ETIENNE-DE-MONTLUC;1;44360
MONT-SAXONNEX;2;74130
AMILLY;2;45200
CLAYE-SOUILLY;3;77410
LE THUIT-SIGNOL;1;27370
ESCHAU;1;67114
CHABOURNAY;1;86380
VILLETANEUSE;1;93430
VALERGUES;2;34130
ILLANGE;1;57970
MAGLAND;1;74300
VERBERIE;1;60410
LA CROIX-VALMER;1;83420
CHENNEVIÈRES-SUR-MARNE;1;94430
SAINT-GEORGES-MOTEL;1;27710
SEMUSSAC;1;17120
WASSELONNE;3;67319
HAMBACH;2;57910
AVIERNOZ;1;74570
NEUVECELLE;2;74500
BONNEFAMILLE;1;38090
AIGALIERS;1;30700
PALADRU;1;38850
LE SEQUESTRE;1;81990
LAIGNEVILLE;1;60290
SAINT-AVOLD;2;57500
VERNEUIL-SUR-VIENNE;1;87430
CHAMVRES;1;89300
SAINT-MARTIN-D'ARDÈCHE;1;07700
RAMBOUILLET;1;78120
CADEN;1;56220
DEOLS;1;36130
SAINT-MAUR-DES-FOSSÉS;5;94100
LA MÉZIÈRE;1;35520
MEYREUIL;2;13590
MORESTEL;1;38510
BAUVIN;1;59221
ANTHY-SUR-LEMAN;1;74200
LEERS;1;59115
LANDRY;1;73210
SEMOY;1;45400
VENTABREN;1;13122
ASNIERES-LES-DIJON;1;21380
LE PLESSIS-PATE;1;91220
LAMPAUL-PLOUARZEL;1;29810
MAURESSAC;1;31190
JEUMONT;1;59460
LES BAUX-DE-BRETEUIL;1;27160
VIEUX-CHARMONT;1;25600
VILLENEUVE-DE-LA-RAHO;2;66180
AIGREFEUILLE-D'AUNIS;1;17290
SAINT-RAMBERT-D'ALBON;1;26140
CHAHAIGNES;1;72340
CHAMBOURCY;3;78240
SOLUTRE-POUILLY;1;71960
PORTETS;1;33640
AIFFRES;1;79230
COMMENCHON;1;02300
GUINES;1;62340
SAINT-JEAN-D'ILLAC;1;33127
MARNAZ;1;74460
LAHOURCADE;1;64150
ARMENTIERES;2;59280
SAINT-SERVAIS;1;29400
ENTRECHAUX;1;84340
FOS-SUR-MER;2;13270
NESPOULS;1;19600
AUREILLE;1;13930
LE FOUILLOUX;1;17270
BRESTOT;1;27350
CALLAC;1;22160
FONTAINE-LA-RIVIERE;1;91690
AMBLENY;1;02290
MORANGIS;1;91420
SAINT-GEORGES-D'ESPÉRANCHE;1;38790
CHAMPHOL;1;28300
PERONNAS;1;01960
MARSILLY;1;17137
ESTILLAC;1;47310
LA ROCHE SUR YON;1;85000
TRITH-SAINT-LEGER;1;59125
RIOM;2;17170
LA TURBALLE;2;44420
SAINT-MAXIMIN;1;60740
TAISSY;1;51500
HAUTEVILLE-SUR-MER;1;50590
PABU;2;22200
DOMBASLE-SUR-MEURTHE;1;54110
BOUFFEMONT;2;95570
SAINT-DIZIER-L'EVEQUE;1;90100
BOUTIGNY-SUR-ESSONNE;1;91820
PLAUDREN;1;56420
VALDAHON;1;25800
DEVILLE-LES-ROUEN;1;76250
THIBERVILLE;1;27230
COQUELLES;1;62231
DINGE;1;35440
IWUY;1;59141
LAMOTTE-BEUVRON;1;41600
USTARITZ;2;64480
PERS-JUSSY;1;74930
MAUREILHAN;1;34370
LONGUYON;1;54260
LURE;1;70200
SAUBENS;2;31600
BENODET;2;29950
ANNOEULLIN;1;59112
CHATEL-GUYON;1;63140
POISY;1;74330
LA MEZIERE;1;35520
BENET;1;85490
REYRIEUX;2;01600
MOUGINS;2;06250
BEAUVAL;1;80630
L'EGUILLE;1;17600
AVANNE-AVENEY;1;25720
CHASSELAY;1;69380
MARTILLAC;2;33650
CASSIS;1;13260
JARVILLE-LA-MALGRANGE;2;54140
CROZET;2;01170
BOIS-DE-CENE;1;85710
ENTRAIGUES-SUR-LA-SORGUE;1;84320
MONTRICHARD;2;41400
RONCHAMP;1;70250
MONTIGNY-LE-BRETONNEUX;3;78180
INZINZAC-LOCHRIST;3;56650
LA TALAUDIERE;1;42350
LA TRINITE-SUR-MER;1;56470
MAUNY;1;76530
SAINT-FLORENT-LE-VIEIL;1;49410
SAINT-AFFRIQUE;1;12400
PITHIVIERS;1;45300
LA TRINITE-SURZUR;1;56190
IS-SUR-TILLE;2;21120
COURTRY;2;77181
SAINT-MAURICE-L'EXIL;1;38550
SAINT-THIBERY;1;34630
PLOURIVO;1;22860
LA TRONCHE;1;38700
SAINT-SENOUX;1;35580
VOREPPE ;1;38340
BIAUDOS;1;40390
POUILLY-SUR-LOIRE;1;58150
MONTSOULT;1;95560
L'HAY-LES-ROSES;1;94240
ÉQUEURDREVILLE-HAINNEVILLE;1;50120
CHEMILLE-MELAY;1;49120
AUBEVOYE;2;27940
MORAINVILLE;1;28700
ROUSSILLON;1;38150
AMIGNY-ROUY;1;02700
ETAIMPUIS;1;76850
COULOUNIEIX-CHAMIERS;1;24660
LE POUZIN;1;07250
PLUZUNET;1;22140
LE PETIT-BORNAND-LES-GLIÈRES;1;74130
LA WANTZENAU;1;67610
SAINTE-MARIE-AUX-CHENES;1;57255
ERAGNY;2;95610
MACAU;1;33460
LA FERE;1;02800
MORNANT;1;69440
LAMASTRES;1;07270
DOMPIERRE-SUR-MER;1;17139
BANYULS-SUR-MER;1;66650
MONTMARTIN-SUR-MER;2;50590
CAROUAL;1;22430
GEVREY-CHAMBERTIN;1;21220
HORNOY-LE-BOURG;1;80640
VILLENAVOTTE;2;89140
FEROLLES;1;45150
GRANDRUPT-DE-BAINS;1;88240
FESCHES-LE-CHATEL;1;25490
CERVENS;1;74890
ORNE;1;11920
SALINS-LES-BAINS;1;39110
VEULETTES-SUR-MER;1;76450
BOUCHEMAINE;1;49080
LARGENTIERE;1;07110
PUISSERGUIER;1;34620
FONTENET;1;17400
QUESTEMBERT/BERRIC;1;56230
VILLENNES-SUR-SEINE;6;78670
LANDRECIES;1;59360
PORTES-LES-VALENCE;1;26800
PUGNAC;1;33710
VERNEUIL-SUR-AVRE;1;27130
L'ISLE-JOURDAIN;3;32600
SAINT-QUENTIN-SUR-ISERE;1;38210
SAINT-CYR-SUR-MORIN;1;77750
DOYET;1;03170
ALENÇON;1;61000
BÉZIERS;2;34500
SAUSSET-LES-PINS;1;13960
SELLES-SUR-CHER;1;41130
PRAYSSAC;1;46220
TULLINS;1;38210
CONCHES-SUR-GONDOIRE;1;77600
ROMAGNAT;1;63540
LA CHAPELLE-EN-SERVAL;2;60520
PLOBSHEIM;1;67115
NIEUL-SUR-MER;2;17137
SCHEIBENHARD;1;67630
MORTAIN;1;50140
PLEUVEN;1;29170
DUNES;1;82340
SAINT-SIMON;1;15130
SAINT-JEAN-DE-BOURNAY;1;38440
YZEURE;1;03400
KAYSERSBERG;1;68240
GRAVELOTTE;1;57130
SOSSAIS;1;86230
BOUTIGNY-PROUAIS;1;28410
SAMAZAN;1;47250
LES ADRETS-DE-L'ESTEREL;1;83600
ECUELLES;1;77250
LA COLLE-SUR-LOUP;2;06480
LA FLECHE;1;72200
SAINTE-MARGUERITE-SUR-MER;1;76119
LA FERTE-IMBAULT;1;41300
HOUVILLE-LA-BRANCHE;1;28700
LIEVIN;1;62800
BOUGIVAL;2;78380
LOCTUDY;1;29750
LAON;2;02000
CARCANS;1;33121
POMPIGNAC;1;33370
CHAMBORET;1;87140
ARBONNE;1;64210
VARREDDES;1;77910
SAINT-GEORGES-DE-LONGUEPIERRE;1;17470
QUINCIEUX;1;69650
SARLIAC-SUR-L'ISLE;1;24420
BIEVRES;1;91570
CAPBRETON;1;40130
LINSELLES;3;59126
SAINT-FUSCIEN;1;80680
BEDARRIDES;1;84370
SAINT-POL-DE-LEON;1;29250
CHALLES-LES-EAUX;1;73190
LA GUERCHE-DE-BRETAGNE;1;35130
COUTOUVRE;1;42460
MONTAGNY-LES-BEAUNE;1;21200
SAINT-MARTIN-BELLEVUE;1;74370
ROCQUENCOURT;1;78150
BAILLEAU-LE-PIN;1;28120
RUELLE SUR TOUVRE;1;16600
SAINT-ROMAIN-EN-VIENNOIS;1;84110
SAINT-SYLVESTRE-SUR-LOT;1;47140
LA BERNERIE-EN-RETZ;1;44760
PLEDRAN;1;22960
ESSONNE;1;91210
PLOUNEOUR-TREZ;1;29890
SAINT-MAURICE-SUR-DARGOIRE;1;69440
PLOUHA;2;22580
BESSINES-SUR-GARTEMPE;1;87250
CLUIS;1;36340
BEUVRAGES;1;59192
ARTENAY;1;45410
SANCOINS;1;18600
YERRES;2;91330
TOUVRE;1;16600
ORCAY;1;41300
PEYROLLES-EN-PROVENCE;1;13860
REMORAY-BOUJEONS;1;25160
TROARN;1;14670
LOUDEAC;1;22600
ORGELET;1;39270
DEMI-QUARTIER;1;74120
COULOGNE;1;62137
BEAUCAIRE;2;30300
ALTORF;1;67120
MORVILLARS;1;90120
VITRY LACHE;1;58420
LE GRAND-SACONNEX;1;01215
MANNEVILLE-LA-RAOULT;1;27210
TRÉON;1;28500
ALLOUIS;1;18500
WITTELSHEIM;2;68310
CHARLEVILLE-MÉZIÈRES;1;08000
SAINT-DOMINEUC;1;35190
CAZOULS-LÈS-BÉZIERS;1;34370
SAINTE-GENEVIÈVE-DES-BOIS;2;91700
PAUILLAC;1;33250
DOUZAT;1;16290
BEAUCHAMP;1;95250
VALLERY;1;89150
CHENY;1;89400
ROMBAS;2;57120
PLOGASTEL-SAINT-GERMAIN;1;29710
BOISMORAND;1;45290
CASTANET-TOLOSAN;1;31320
FORGES-LES-BAINS;1;91470
VANNES-SUR-COSSON;1;45510
TARABEL;1;31570
CORBAS;1;69960
CHAMBRAY-LES-TOURS;2;37170
LES ATTAQUES;1;62730
SAINTE-EULALIE;3;33560
WITTISHEIM;1;67820
CHAVAGNES-EN-PAILLERS;1;85250
TARARE;1;69170
LE QUESNOY;1;59530
OBERHAUSBERGEN;1;67205
BONVILLERS;1;60120
SAINT-AUBIN-DE-MEDOC;2;33160
SORGUES;1;84700
SALBRIS;1;41300
SAINT-MARTIN-EN-VERCORS;1;26420
RIVESALTES;2;66600
CHARMOY;1;89400
VÉTRAZ-MONTHOUX;1;74100
PARÇAY-MESLAY;1;37210
ENSISHEIM;2;68190
BLOT-L'ÉGLISE;1;63440
ESVRES-SUR-INDRE;1;37320
SEZANNE;1;51120
TRIEL-SUR-SEINE;1;78510
KERVIGNAC;1;56700
CESSON-SÉVIGNÉ;1;35510
ESTREUX;1;59990
LES PONTS-DE-CÉ;1;49130
BOUSBECQUE;1;59166
MOURS;1;95260
ROMANS-SUR-ISÈRE;1;26100
AUBIE-ET-ESPESSAS;1;33240
VEYRE-MONTON;1;63960
ERDEVEN;1;56410
BESSANCOURT;2;95550
CHÂLONS-EN-CHAMPAGNE;1;51000
TAILLECOURT;1;25400
CUY;1;89140
LARDY;2;91510
LES ABRETS;1;38490
NONANCOURT;1;27320
BRUAILLES;1;71500
PONT-CROIX;1;29790
LÉGUEVIN;1;31490
LIEU DIT BELLEVUE;1;69700
LA SAUVE;1;33670
ORIGNY-SAINTE-BENOITE;1;02390
IRVILLAC;1;29460
VALLABRÈGUES;1;30300
VAUJOURS;1;93410
HERGNIES;1;59199
SAINT-MICHEL-SUR-ORGE;1;91240
COURNONTERRAL;1;34660
TAILLADES;1;84300
SAINT-GERMAIN-DU-CORBEÏS;1;61000
LANDSER;1;68440
GRAY-LA-VILLE;1;70100
RION-DES-LANDES;1;40370
BIVIERS;1;38330
SAINT-BAUDILLE-ET-PIPET;1;38710
SAINT-CONTEST;1;14280
NEUILLY-SAINT-FRONT;1;02470
TROSLY-BREUIL;1;60350
SAINT-CLÉMENT;1;89100
NIEDERHAUSBERGEN;1;67207
MONTAMISÉ;1;86360
SAINT-ORENS-DE-GAMEVILLE;1;31650
SAINT-JEAN-D'ARDIERES;2;69220
ARCINS;1;33460
SAINT-QUENTIN-FALLAVIER;2;38070
GARRIGUES;1;31380
LES EGLISOTTES-ET-CHALAURES;2;33230
DAVAYAT;1;63200
MARCQ-EN-BARŒUL;2;59700
CLOUANGE;1;57185
BEAURECUEIL;1;13100
BOUGARBER;1;64230
SAINT MANDRIER SUR MER;1;83430
FRONTON;1;31620
ROQUES;2;31120
PARTHENAY DE BRETAGNE;1;35850
SÈVRES;1;92310
CHAMBÉRY;2;73000
LOCMIQUELIC;1;56570
BORDÈRES-SUR-L'ÉCHEZ;1;65320
BAGNOLS-SUR-CÈZE;2;30200
BRAINE;1;02220
LALLAING;1;59167
DEUX-SÈVRES;1;79120
MIREBEAU-SUR-BEZE;1;21310
CANISY;1;50860
SAINT-AUBIN-LÈS-ELBEUF;1;76410
BEAULIEU-LES-LOCHES;1;37600
ALÈS;3;30100
SAINT-ANDRÉ-LE-BOUCHOUX;1;01240
BOURG-SAINT-BERNARD;1;31570
LES MESNULS;1;78490
SAULX-MARCHAIS;1;78650
LE CRÈS;1;34000
MAGNY-LE-HONGRE;2;77700
QUISSAC;1;30260
LA RICHE;1;37520
ARGELÈS-GAZOST;1;65400
SARREBOURG;1;57400
SAINT-MARTIN-D'URIAGE;1;38410
PLÉRIN;1;22190
SAINT PERAN;1;35380
MATHAY;1;25700
SAINT-ANDRÉ-EN-MORVAN;1;58140
MALISSARD;1;26120
JAUX;1;60880
CAROMB;2;84330
ÉTOILE-SUR-RHÔNE;1;26800
MIEUSSY;1;74440
DIETWILLER;1;68440
ROSENAU;1;68128
SAINT-JULIEN-DU-SAULT;1;89330
CHAVENAY;1;78450
FOUGÈRES;1;35300
HURIGNY;1;71870
COUTICHES;1;59310
SAINT-BARTHELEMY-D'ANJOU;1;49124
LA MEILLERAIE-TILLAY;1;85700
CHATENOY-LE-ROYAL;1;71880
SAINT-PIERRE-BOIS;1;67220
VELAINE-EN-HAYE;1;54840
SAINT-GERMAIN-DE-MONTBRON;1;16380
SAINT-MITRE-LES-REMPARTS;1;13920
FRÉJUS;2;83600
FARBUS;1;62580
PORT-SAINT-LOUIS-DU-RHÔNE;1;13230
ROCHEGUDE;1;26790
CHÂTENAY-MALABRY;2;92290
SAINT-DENIS-DE-L'HÔTEL;1;45550
VIRIAT;1;01440
FESCHES-LE-CHÂTEL;1;25490
CHANCELADE;1;24650
SAINT-PIERRE-D'ALLEVARD;1;38380
ANCENIS;2;44150
VÉLIZY-VILLACOUBLAY;2;78140
FRANS;1;01480
LES SORINIÈRES;2;44840
NEUVILLE-EN-FERRAIN;2;59960
MONTARNAUD;1;34570
VIMONT;1;14370
MONTRIOND;1;74110
MONTLOUIS-SUR-LOIRE;1;37270
LUNEL-VIEL;1;34400
JOYEUX;1;01800
ASSAS;1;34820
SAINT-PIERRE-DU-PERRAY;1;91280
FONBEAUZARD;1;31140
JONQUIÈRES-SAINT-VINCENT;1;30300
LES ÉCHELLES;1;73360
DORDIVES;1;45680
PARAY-LE-MONIAL;1;71600
COURSEULLES-SUR-MER;1;14470
AULNOY-LEZ-VALENCIENNES;1;59300
BONNAUD;1;39190
CONNAUX;1;30330
LANDERNEAU;2;29800
BARON;1;60300
DRULINGEN;1;67320
BRIANÇON;1;05100
LA BASSÉE;1;59480
COURCELLES-LES-LENS;1;62970
SEILLANS;1;83440
TALUYERS;1;69440
SAINT AGNAN;1;81500
GERVANS;1;26600
OZERAILLES;1;54150
SALEUX;1;80480
MONTFERRIER-SUR-LEZ;1;34980
CRANVES-SALES;1;74380
LA COURONNE;1;16400
VOLX;1;04130
LIÉVIN;1;62800
ARMONVILLE LE GUENARD;1;45480
RICHWILLER;1;68120
CUERS;3;83390
SAINT-GENIÈS-DE-COMOLAS;1;30150
HÉNON;1;22150
VILLARS;1;42390
LYON-3E-ARRONDISSEMENT;1;69003
WALHEIM;1;68130
VINNEUF;1;89140
SEBOURG;1;59990
TOURGEVILLE;1;14800
SAINT-CHRISTOL-LES-ALES;1;30380
POIGNY-LA-FORET;1;78125
COUHE;1;86700
CRAMOISY;1;60660
OTTANGE;1;57840
SOMMIERES;1;30250
GALLARGUES-LE-MONTUEUX;2;30660
VITRÉ;1;35500
MONTCEAUX;1;01090
SAINT-YON;1;91650
SUNDHOFFEN;1;68280
VÉZELAY;1;89450
MENOTEY;1;39290
SAINT-AMAND-MONTROND;1;18200
BILLÈRE;1;64140
SAINT-PIERRE-DU-PALAIS;1;17270
HIRTZBACH;1;68118
SAINT MAURICE;1;63270
SAINT-ROMAIN-DE-JALIONAS;1;38460
FEURS;1;42110
VAISSAC;1;82800
GRAINVILLE;1;27380
COCHEREN;1;57800
MONTÉVRAIN;1;77144
APT;1;84400
ISSENHEIM;1;68500
REBAIS;1;77510
CHENÔVE;1;21300
BLAINVILLE SUR ORNE;1;14550
BORNEL;1;60540
SAINT-GELY-DU-FESC;1;34980
DETTWILLER;1;67490
HÉSINGUE;1;68220
MELESSE;2;35520
SILLINGY;1;74330
MICHELBACH;1;68700
LONZAC;1;17520
EPIEDS;1;49260
MORVILLE-LÈS-VIC;1;57170
SÈTE;2;34200
SAINT-MARCEL;1;27950
CHAOURCE;1;10210
PEYRIAC-DE-MER;1;11440
LÉCOUSSE;1;35133
SACY-LE-PETIT;1;60190
ÉTAMPES-SUR-MARNE;1;02400
VIVIERS-LÈS-MONTAGNES;1;81290
CRÉON;1;33670
CHÂTEAUNEUF-SUR-SARTHE;1;49330
HÉRIMONCOURT;1;25310
PERPIGNANPERPIGNAN;1;66100
MONTÉLIMAR;1;26200
NAVARRENX;1;64190
BARJOUVILLE;1;28630
PAYRIN-AUGMONTEL;1;81660
HAUTE-SAVOIE;1;74340
CHAUMES-EN-BRIE;1;77390
MARANS;1;17230
VILLENEUVE-LA-COMTESSE;1;17330
RIVEDOUX-PLAGE;1;17940
GARENNES-SUR-EURE;1;00000
SALINDRES;1;30340
AIX;1;59310
GIEZ;1;74210
SAINT-PIERRE-DU-VAL;1;27210
PONT-SUR-YONNE;1;89140
FRETIN;2;59273
COMBRONDE;1;63460
TOULENNE;1;33210
LE BARCARÈS;1;66017
CHARLIEU;1;42190
ESPRELS;1;70110
SOTTEVILLE-LÈS-ROUEN;1;76300
LISSES;1;91090
VERNOSC-LES-ANNONAY;1;07430
LACHASSAGNE;1;69480
SAINT-BENOÎT;1;86280
MORÉAC;1;56500
PETITE-ROSSELLE;1;57540
CURGIES;1;59990
SAINT-VICTORET;1;13730
MONTHUREUX-SUR-SAONE;1;88410
MONTREUIL-EN-CAUX;1;76850
WAVRIN;1;59136
BACHY;1;59830
BRUNOY;1;91800
RADENAC;1;56500
LES OLLIÈRES-SUR-EYRIEUX;1;07360
TADEN;1;22100
SAINT-JEAN-DE-LA-CROIX;1;49130
PENCRAN;1;00000
LALANDE-EN-SON;1;60590
BELLEY;2;01300
BILLY-BERCLAU;1;62138
HŒRDT;2;67720
HOCHSTATT;2;68720
NOGENT-SUR-OISE;1;60180
FONTENAY-LE-FLEURY;1;78330
ARAGON;1;11600
MISEREY-SALINES;1;25480
FREYMING-MERLEBACH;2;57800
SOLLIÈS-PONT;2;83210
LA GARENNE-COLOMBES;1;92250
HOUDAIN;1;62150
WOLFISHEIM;1;67202
LA CHAPELLE-SAINT-LUC;2;10600
LOSNE;1;21170
ITTENHEIM;1;67117
GUÉNIN;1;56150
LA BALME-DE-SILLINGY;1;74330
ROUSIES;1;59131
ECQUEVILLY;1;78920
BRUAY-LA-BUISSIÈRE;1;62700
ANGERVILLE;1;91670
CRESSIN-ROCHEFORT;1;01350
SAINT MARTIN DU VIVIER;1;76160
SÉNÉ;1;56860
SOYAUX;1;16800
SAINT-EGRÈVE;1;38120
LANGRUNE-SUR-MER;1;14830
SAINT-LAURENT-DU-PONT;2;38380
MONLEZUN-D'ARMAGNAC;1;32240
SAINT-FULGENT;1;85250
SAINTE-CATHERINE;1;62223
GREOUX LES BAINS;1;04800
LE CHÂTEAU-D'OLONNE;1;85180
LESTREM;1;62136
CLOHARS-CARNOËT;1;29360
PÉRIGNY;1;17180
MOGNENEINS;1;01140
SENOZAN;1;71260
HOULGATE;1;14510
FERRIÈRE-LA-GRANDE;1;59680
PRUNAY-CASSEREAU;1;41310
FRAISSES;1;42490
SAINT-JEAN-SAVERNE;1;67700
SEYSSINET-PARISET;1;38170
POLIGNAC;1;43000
SANNOIS;1;95110
METZERVISSE;1;57940
BAZANCOURT;1;51110
LABASTIDETTE;1;31600
GUILVINEC;3;29730
SAINT-HILAIRE-LES-ANDRESIS;1;45320
VAISON-LA-ROMAINE;1;84110
D7;1;00000
EUGENIE-LES-BAINS;2;40320
MONTCABRIER;1;81500
ASSÉRAC;1;44410
ARPAJON;1;91290
TRELISSAC;1;24750
GRÉZIEU-LA-VARENNE;1;69290
L'HORME;1;42152
POILLEY;1;50220
COUTANCES;1;50200
LE RUSSEY;1;00000
VIESLY;1;59271
LES FORGES;1;88390
POMMIERS-LA-PLACETTE;1;38340
PERRIGNY;1;39570
LOUVRES;1;95380
MORMANT;1;77720
PÉRIGUEUX;1;24000
MAUREPAS;1;78310
COUËRON;1;44220
MONTIGNARGUES;1;30190
PONT-SCORFF;1;56620
MÉNESPLET;2;24700
THORENS-GLIÈRES;1;74570
VENDEUVRE-DU-POITOU;1;86380
NEUILLY-EN-THELLE;1;60530
SAINT-QUAY-PORTRIEUX;1;22410
NIEDERSCHAEFFOLSHEIM;1;67500
NIVILLAC;1;56130
SAINT-ANDRE-DE-ROQUEPERTUIS;1;30630
VILLEREST;1;42300
NIZAS;1;34320
MAGNY-EN-VEXIN;1;95420
TOUFFLERS;1;59390
BARJAC;1;30430
SAVINES-LE-LAC;1;05160
ALLEVARD;1;38580
JŒUF;1;54240
PRUNIERS;1;36120
QUESSOY;1;22120
VERNOU-SUR-BRENNE;1;37210
ABLON-SUR-SEINE;1;94480
CANTARON;1;06340
SAINT-GERMAIN-AU-MONT-D'OR;1;69650
GAUCHY;1;02430
SAINT-AVÉ;1;56890
ASNIÈRES-SUR-SEINE;1;92600
CRÉPY-EN-VALOIS;1;60800
FLUMET;1;73590
AIRE-SUR-L'ADOUR;1;40800
NOVES;1;13550
ILLFURTH;1;68720
BEAUMES-DE-VENISE;1;84190
MONTAYRAL;1;47500
GUISE;1;02120
LES PONTS-DE-CE;1;49130
ANY-MARTIN-RIEUX;1;02500
XEUILLEY;1;54990
TRÉVOUX;1;01600
MITRY-MORY;1;77290
SAINT-ROBERT;1;47340
BASSE-HAM;1;57970
FRÉTOY-LE-CHÂTEAU;1;60640
ROUVILLE;1;76210
VANDOEUVRE-LÈS-NANCY;1;54500
AUVERS-SUR-OISE;1;95430
MONS-EN-BARŒUL;1;59370
SAINT-FARGEAU;1;89170
PRINQUIAU;1;44260
HOENHEIM;1;67800
SAINT-GÉNIES-BELLEVUE;1;31180
BICQUELEY;1;54200
SAINT-ANDRE-TREIZE-VOIES;1;85260
DRUYES-LES-BELLES-FONTAINES;1;89560
FRESNOY-LE-GRAND;1;02230
INGRANNES;1;45450
GOLFECH;1;82400
SAINTE-LUCE-SUR-LOIRE;1;44980
LEOJAC;1;82230
LÉOJAC;1;82230
CHENS-SUR-LÉMAN;1;74140
CHÂTEAUVILLAIN;1;52120
SEMEAC;1;65600
LA RONDE;1;17170
VIVERS-LÈS-MONTAGNES;1;81325
PARIS-8E-ARRONDISSEMENT;1;75008
RUY;1;38300
SAINT-VIAUD;1;44320
DURY;1;80480
SÉRIFONTAINE;1;60590
RADINGHEM-EN-WEPPES;1;59320
OTTMARSHEIM;1;68490
PONS;1;17800
PARIGNÉ-LE-PÔLIN;1;72330
WEITBRUCH;1;67500
LAMOURA;1;39310
LA CHEVROLIÈRE;1;44118
ESQUERCHIN;1;59553
ÉCULLY;1;69130
TAIN-L'HERMITAGE;1;26600
VILLEMOISSON-SUR-ORGE;1;91360
TRANS-EN-PROVENCE;1;83720
POLLIONNAY;1;69290
BRESLES;1;60510
LAILLÉ;1;35890
POSES;1;27740
NOIRMOUTIER-EN-L'ÎLE;1;85330
SAULCE-SUR-RHÔNE;1;26270
OUVEILLAN;1;11590
BAUDEMONT;1;71800
SAINTE-HÉLÈNE;1;56700
PIA;1;66380
CORCOUÉ-SUR-LOGNE;1;44650
ARCHETTES;1;88380
SAINT-ROMAIN-LA-VIRVÉE;1;33240
BRANSLES;1;77620
BIACHE-SAINT-VAAST;1;62118
LUX;3;71100
AVANTON;1;86170
GONESSE;1;95500
ORBEC;1;14290
